weather_id,field_id,date,temperature,rainfall,humidity
604752,816451,2023-05-22 19:56:17.069817305,23.698110479032596,2.2677690278114837,49.24902645943717
541810,371892,2023-10-30 01:50:53.858622789,22.854060281398127,0.0019659960927911188,64.41872722516061
258074,434216,2023-12-22 04:53:20.533885002,51.782135403906224,4.353390970204295,65.48587045333181
209595,465762,2023-11-08 03:13:06.224544764,26.494053504342492,4.609216146182216,62.02212073379616
774356,651873,2023-05-11 01:08:29.151253939,16.13526384418804,2.353200885693223,60.112482916318626
742679,199600,2024-02-03 02:28:55.084859371,28.43156177028703,1.518387166340113,33.840891922918615
453535,465762,2024-01-14 02:43:50.035394430,10.850035606945893,4.754220913246995,31.328790027229203
139978,816451,2024-01-14 02:22:46.569546223,21.869621653303767,5.563053881169564,81.03513173788907
816635,218181,2024-02-01 15:34:28.886687756,19.471888314614603,1.7263989716321755,56.18846361673353
846558,377344,2023-06-15 02:20:44.681137562,26.51540048559956,0.38799813035427944,46.89245500934835
889477,477341,2023-05-28 07:35:51.503799438,30.337843612577757,3.079152738954984,68.0858357608897
663815,776620,2024-04-24 10:30:45.760097265,28.074359488746193,13.021128359028298,84.8971335579654
500337,192460,2024-02-29 20:23:09.205772161,25.244023278622635,5.377587422931377,44.581323705771325
414739,217660,2023-11-02 01:56:11.583258629,30.82903808787036,23.325789837816743,63.94564227479207
723351,401529,2024-07-29 13:17:40.207167387,18.379434932302075,2.1697769738467483,71.71941649149127
228907,450500,2024-04-19 16:01:56.083436728,28.493413307820276,4.023733734300804,42.2398083564314
778905,646686,2024-01-05 16:39:37.778824091,28.863550226411427,3.0260108371226933,41.405997059903676
260322,217660,2024-02-26 08:21:25.720163107,13.947482418997941,1.551667870643509,81.68756580522847
716840,624401,2024-06-16 14:56:20.603998899,25.53891873726555,2.3470235894274287,73.99451167272616
812869,648194,2024-08-11 00:12:22.640537024,26.40088275351703,10.875727673372522,54.96441048554742
533513,211500,2023-10-19 05:29:23.387521744,18.160743368534952,8.67515634410922,70.93419435085276
377077,517102,2023-01-27 18:49:49.768005371,33.6308714502576,1.8813959198908108,56.6546638380637
880218,434216,2024-04-20 21:43:10.176279783,28.96296730026986,0.6885496968821294,83.0085388435651
887387,964009,2024-06-29 02:40:48.593015194,24.724773877242775,1.5205315114185,39.52781539931123
417730,643743,2024-03-27 02:40:12.940560579,16.01890836937954,7.223550948004608,39.943876493807295
661615,435671,2023-10-28 23:21:55.729059219,15.401123249512471,6.695299489907066,74.40347418075865
729028,788890,2023-04-27 00:21:59.448227882,27.406348258917195,3.745745504250883,40.67509330948573
645100,217660,2024-04-11 13:53:58.793559313,25.664085877225617,11.224681480298724,83.792536539566
908681,643743,2023-04-17 19:43:25.439906120,36.178839346476224,1.4455555668143956,59.783087528017596
416231,813803,2024-01-11 21:45:05.365115643,25.56995469817747,19.160565248026348,52.52347140373641
958045,682864,2023-11-29 07:54:02.033739567,29.891156574348813,3.0490215168492982,74.97690466128562
461126,677302,2023-06-24 10:31:05.907582045,22.152387204432294,11.930679113942462,81.6368996044493
660627,171226,2024-01-09 10:00:55.921827078,33.3845817573241,0.8341586523897526,49.24353989473296
327166,185638,2023-01-29 18:44:24.953120947,14.136758745713058,0.4077036256198793,55.25536311986867
490466,891590,2023-01-17 04:07:16.818781614,31.864897727213364,6.3057586780510935,88.70922257426128
366239,677302,2024-04-06 20:36:27.539651155,31.47598064436283,0.3745481596383197,41.47912857361384
506019,140387,2024-04-21 17:16:55.191308498,19.078903496031838,1.8197781376372373,32.44908794453312
727651,968545,2024-07-15 22:34:20.074879646,23.814669658484622,11.520785870141253,66.89534467939933
651148,434216,2023-09-15 04:30:29.360028267,28.868245656482774,29.242746167172385,48.34532493263508
275084,677067,2024-07-25 12:56:21.294006824,22.463850036113197,5.304367842763994,74.35522111823505
733382,870170,2023-09-20 15:50:50.382490873,28.073627531057717,10.8260089682883,37.606894792543564
327785,122219,2023-05-06 23:34:24.903963327,25.834638567389675,9.308464252373172,34.176423051810985
406650,415986,2023-07-11 13:03:30.846970558,26.83400647096649,0.5737486779920439,89.76209157828916
543432,290289,2023-08-31 02:29:05.473325014,23.621562834536572,1.6082465335048461,58.67894447642415
190106,885233,2023-03-15 07:55:44.300040722,28.030478142204537,4.842398714980979,77.42443418398781
191620,737506,2023-05-14 21:40:33.102114916,34.71712996859938,4.27381932593289,45.36017522757578
831590,968545,2023-04-26 19:48:04.468004704,33.05397963709703,7.219241575009493,87.4014729306369
966419,386102,2023-12-06 00:37:04.487535715,36.78503597892052,0.9445349813558253,57.00766447102872
835084,432631,2024-01-30 02:40:38.916420221,30.65715398832122,9.341221368193148,59.165581827433705
500051,607500,2023-04-18 19:16:44.574841976,31.982861721713626,6.0583087677009235,83.73884681854179
673408,592284,2024-03-14 06:18:36.602387667,35.65021571551408,9.440318914252574,84.34600313358544
341500,147245,2023-07-01 05:11:22.202035427,37.56430765926083,0.23445623327322607,74.86066549281878
429003,661938,2024-09-08 08:05:10.802757025,18.578991424703872,2.085975971442058,83.90847369734007
858248,578787,2023-03-23 23:31:32.357623100,26.85621277225256,17.108119071213665,80.80657829962021
695302,185638,2023-04-18 23:37:46.334493876,-0.19980040294990076,6.6878402719130285,62.81604916001072
655136,401211,2024-02-14 02:49:21.930377483,22.147143236964062,18.94507765645983,49.70922380007251
930014,211500,2023-01-30 22:34:09.461336613,33.61022926337111,2.8264307223619767,56.37883913873783
554936,456912,2024-05-17 21:11:21.816999197,41.61568813098985,8.682187015688648,49.13956214448683
204056,477341,2024-09-16 10:13:10.307158232,29.177613286647084,6.374969931399301,62.83829386483234
903801,774461,2024-08-24 09:05:48.032704115,11.321365693590254,7.2797965371981626,36.06711488448535
113822,661938,2024-07-19 20:01:10.723889351,28.63686109640213,7.532456087451806,83.40935304699416
401370,192460,2023-11-02 09:01:16.983384371,23.7061735453704,5.876194723943263,54.28302513667092
715464,217660,2024-09-12 06:39:28.309242964,10.77243778757284,2.2472866262947004,57.01448112982994
397722,769193,2023-01-12 19:39:45.989965439,15.954440172889575,4.781666057617129,44.082171010181085
330544,788890,2024-05-28 00:58:21.485206127,22.666202798116892,4.732071543906912,87.98036326018635
445527,624401,2023-05-25 01:00:06.089864016,36.16025264727536,15.148055644701245,83.44777227102347
868173,456912,2023-08-01 04:48:11.048691034,20.902274681593127,1.7123079200292723,38.27669273181448
481893,912052,2023-07-03 15:49:09.711614132,32.82179715350524,1.9325534230824273,72.99048645896137
904031,271070,2024-11-02 01:26:36.227311850,27.86702562003679,3.9482788484861375,89.37559658640808
148791,424614,2024-05-14 09:13:59.195864439,26.817368472962084,6.653066056821295,86.65190499525643
239840,543302,2023-06-04 16:04:28.982314348,37.81453759187037,22.985568225039295,54.13006098506334
681867,840378,2024-08-30 08:04:05.033808947,36.23643347437412,0.5412097573538562,39.09318008385257
425193,607500,2024-01-21 05:40:11.082781553,21.29161023695606,0.5944300553840591,87.06655548562449
826682,774461,2023-04-17 21:53:54.344838142,24.48730927569851,0.8326847611136244,34.509373893241225
200897,122219,2023-05-11 18:00:48.065472126,27.056748205657517,5.145612874496125,58.83349851591157
206851,199600,2024-07-18 10:48:35.159983397,29.366673501092148,1.470675403024994,71.80845146491569
903197,651873,2024-04-21 04:39:25.062531233,37.12900554166312,10.382782991497592,80.07022224783267
418269,302485,2023-08-10 09:46:59.140543699,20.38085318449552,2.7285558040879985,40.2363658273418
186839,914877,2023-05-01 09:48:15.484047174,24.45207238558409,1.8072872549021626,37.60461182328803
964990,651873,2024-09-12 07:27:15.827518463,18.39559761183728,12.617267457287106,41.30367612146512
156307,601291,2024-06-10 18:56:04.033065796,29.507946152015734,1.0241139314671268,33.35790699166916
359927,648194,2024-03-09 12:50:21.055666924,23.92462890042573,1.2450515044792505,30.64267664514599
186765,401211,2023-08-24 02:34:07.412798166,16.193117714509178,7.6771793646793345,50.56750381813388
491383,311146,2024-09-03 02:25:27.057835340,20.635308686731115,4.542785997675849,64.295130019666
784876,310774,2024-03-09 23:20:39.436317921,20.241401411969278,2.6465893045291042,81.12736598404479
812898,377344,2023-05-04 19:11:00.540818930,23.2489882885315,3.033036925399312,55.313207959961396
769289,290289,2024-09-20 11:03:06.769577980,27.332432112116827,1.8109352190717831,56.68433913691878
119776,415986,2023-04-03 08:37:46.118889570,34.81101259304404,1.1729269940557172,46.299702162166575
550429,824915,2023-12-24 14:01:48.040386677,34.70005333452666,6.272902531746984,39.981614975595754
878440,891590,2023-06-07 03:34:35.662143469,29.169186345248555,5.7138697629831485,65.00640158840203
198181,989243,2023-01-04 10:15:01.902645111,20.89301869699831,7.160858288587386,68.47329756665656
957895,929693,2023-05-16 22:54:35.918681622,16.432822351001917,0.40720727851705935,44.98749952541027
791656,677302,2023-11-19 19:25:34.480483532,22.95637461471675,6.234366516967494,89.96857687019973
426168,377344,2023-02-21 02:40:06.132045745,39.78981971700373,9.093047951474645,37.179950166824455
778665,688192,2023-10-14 06:21:46.553493738,23.063065828050608,8.485702634711247,51.78957738629806
908636,641773,2023-10-26 07:38:50.390154839,20.2271364373826,5.129392182031893,30.142939002518446
511448,122219,2024-09-25 15:57:45.829519749,31.537576396673902,3.3325904843909067,69.74756628050724
802687,171226,2024-11-27 00:22:35.830879211,38.36847153360867,6.433665361804353,57.88666529454204
752370,140387,2023-04-04 07:20:03.591460705,32.55274763114356,8.330056828531903,63.904237404814445
923995,816451,2023-01-08 07:01:31.491259336,28.132688641312647,5.228045718798546,43.39254059870072
243191,517102,2023-10-25 13:43:05.848320246,17.19865587546916,0.47957641020454556,34.26799676703493
234108,757689,2024-11-22 01:46:23.668575525,14.858158242981855,20.91030062758594,54.19986802397816
877523,660348,2024-01-06 19:09:03.911658049,20.291183864229275,15.583942232133285,37.1305258574071
970284,870170,2023-01-06 03:12:19.058605909,21.114336939707357,6.3139188074722234,65.79120099973785
306397,824915,2023-12-10 14:47:09.457521677,29.365961022950714,5.858895066297816,82.28973503968675
737219,641773,2024-10-30 10:13:47.218233585,19.794517553184583,2.664865819004266,83.05069937997793
268237,108603,2023-09-21 17:23:30.357083797,25.453405576158385,1.8749720638569571,56.36438220562404
647474,774461,2024-06-05 10:06:50.534721375,35.19200870777276,17.78269981135684,81.14788547612858
748057,700742,2023-07-25 10:27:58.164738655,22.755361403862096,12.79244918930225,62.651191531463546
652746,310774,2023-10-13 12:02:22.528842210,27.399345550606753,8.09566843324198,46.46379156960691
456440,456912,2024-03-12 19:46:57.907298803,16.126007097098952,1.4952466346244557,80.59980505012659
254772,313517,2024-06-30 03:12:20.061393738,19.94764107979445,5.782063470741421,88.67990486134376
861754,302485,2023-02-28 10:50:22.648012877,19.300990173340356,3.9906194405895574,80.79563986629367
641834,789159,2024-11-06 02:12:54.476495504,35.047547426494404,1.8753230214702006,33.73422269664108
360331,371892,2024-08-12 03:39:27.994693995,19.249999995312585,5.651913361227273,42.59331307525207
572077,643743,2024-09-06 19:21:08.827121973,36.268175683116,10.79943433758093,55.25696290935431
644073,205546,2024-09-21 06:44:01.285322666,30.314996253620265,0.04144332576983838,50.57573697810267
270862,682864,2023-10-03 10:49:16.926000118,27.349381613591277,1.5569298847040955,53.69341375841178
595202,964009,2023-10-29 18:27:24.332794905,31.533690227288815,0.5816111748266883,43.17450772431175
987078,434216,2024-04-02 19:32:18.719252348,13.386272876667455,1.9280484133721432,41.753864361174465
149704,287267,2024-05-06 13:36:12.396702290,33.38125611725987,2.3732596875328875,38.72486260167467
599166,108603,2023-12-08 13:43:05.659338474,28.580523031777354,7.663486378308466,47.05808252293081
811457,714845,2023-09-20 08:56:48.602175236,26.717877492273193,3.297892490822088,61.65476711377728
997382,714845,2024-08-31 07:22:58.720598221,13.469296402768213,4.807504696908076,87.06095222325935
267212,824915,2024-03-27 20:50:48.821588755,39.29324703297226,4.366780401695936,63.278658847838315
695771,769193,2024-03-12 03:01:07.611224651,27.47723328486882,2.901335138094084,74.15769554552182
538626,824915,2024-09-04 20:01:50.029486179,28.34296998300556,8.384176761336835,87.85377225243815
275360,424614,2023-07-11 20:11:39.983074665,29.020966876232485,2.601708212666635,47.52283827005934
865420,287267,2024-01-24 03:35:52.036290169,24.358173004265584,0.1106113607893558,57.88824724914035
177719,360463,2024-06-08 17:24:26.060696840,30.287534824843284,1.7096215059949809,57.68327769586446
625374,688192,2024-01-26 08:14:32.902987480,42.7972854046784,2.0387701391076294,30.017209470366165
647831,601291,2023-10-06 20:52:55.830816746,27.243323207039214,6.293113102716553,42.58744655316008
435225,816451,2023-07-16 22:52:15.499809742,31.09806023227953,14.188936830086108,43.89627575244396
918533,682864,2023-08-29 19:31:44.046505690,33.08686575563753,3.6741308758675215,62.285169580167846
991986,547014,2023-12-10 16:43:37.235470057,14.96305738428639,5.225016614543575,59.07273990472984
571650,914877,2024-02-11 20:59:50.035702705,26.303227821123905,3.083875193288665,47.84649703568671
348050,218181,2024-10-15 07:01:08.260544777,16.161644667743428,1.2803671112335577,70.95585151563579
283095,592215,2023-05-20 11:04:02.938428402,20.595317820893964,3.0936449306417275,80.76502507973059
354986,914877,2023-04-19 11:15:50.711929560,24.07718818960906,22.871039708241767,74.27063807492746
518625,271070,2023-07-01 00:33:00.278966188,32.86088701302166,2.0721283925812473,83.96349064521344
406864,543302,2024-11-28 01:09:27.520833969,26.91916642338567,5.71984234383294,73.01070500250617
833416,677067,2023-04-03 20:45:35.213859797,26.844061940408796,0.5279856671762915,53.97033913607953
206849,755935,2024-01-25 17:51:59.029088736,30.66934996722535,0.7285383323686214,89.30537342318253
621733,816451,2024-04-20 09:34:41.971448183,45.83115964521172,2.42075988831673,89.32278171389422
329292,840378,2024-06-11 01:48:14.116965294,31.06447392847367,3.612275427051311,63.96113381339832
954289,360463,2024-06-17 02:24:30.239344358,17.136033787719107,4.103310739432281,61.57129383364228
474827,769193,2024-04-18 02:44:05.625412226,29.33823431224264,3.901846432562091,82.67878114540329
785008,726494,2023-03-30 23:13:35.266644716,28.250242096330105,4.11561785655548,68.71429357783697
515001,612373,2023-12-23 11:04:30.607515812,27.1547462499621,1.4682026915457524,41.87399843609023
358466,386102,2023-12-16 00:04:38.294572353,27.181406475422186,5.396452439749512,77.29988690579547
584004,556927,2024-05-17 01:12:55.318997860,31.649197508563716,4.179865822634983,43.42239518414999
852218,776620,2023-07-21 23:05:31.049164295,24.212076904945228,1.6686979394104502,76.24472676339707
330643,700742,2024-02-21 10:29:05.565042734,26.976084926718922,14.254194246644836,37.81673686353095
576664,824915,2023-05-18 15:42:20.043143511,19.975373347638826,0.12095412617822297,74.27842943104538
961913,612373,2024-03-24 21:05:39.209892750,17.44611699801525,4.011307840602232,33.39232316432971
809617,607500,2023-08-15 06:38:03.832762718,35.54545543483259,3.6627801833609324,61.55021967428061
715600,415986,2024-05-31 14:46:54.354197741,20.141444083257394,0.24726014982426292,50.83479079834483
572023,660348,2023-03-24 09:49:50.695871830,28.87741159422465,2.6942584390911652,72.28572384449706
704813,714845,2023-09-09 13:47:21.007643461,23.769603395347417,2.383373862677862,78.40918156630428
316856,989243,2023-06-14 10:06:53.523324251,23.897032809241004,7.562632853618826,74.32802106233048
351061,677302,2024-08-14 19:11:06.498187065,35.00013529273676,5.395314182611115,59.00129245506511
159128,804694,2023-04-02 09:18:45.773999214,15.66876416789138,5.274002102360993,63.67285169894191
689003,205546,2023-08-04 13:16:48.519387484,29.66650308429576,9.48978280794911,39.352697727240496
171989,607500,2023-01-04 14:37:43.835109234,33.48739821338459,12.078257841149423,45.84292286726218
729678,643743,2023-06-21 08:10:47.772784233,31.241332652539267,20.738966284025857,77.72321806131436
239527,592215,2024-01-10 18:14:28.573145628,32.66696123047891,2.448873788007825,46.45061301761952
504917,601291,2023-10-04 18:22:07.074076891,34.78122633136649,3.2990895533876516,56.430628393563964
294850,824915,2024-09-12 22:00:22.709131241,29.901907737171253,9.695340997263258,70.68655554905128
367171,185638,2023-01-25 08:38:05.504498958,30.187132356100093,5.443005155993379,88.57540481679274
455298,108603,2024-01-20 17:19:32.102849960,32.55516264986404,1.843882873847424,71.48848259758802
993049,199600,2024-02-04 17:13:01.025279522,24.22046268296101,2.0827506895214953,56.21632132619975
617031,643743,2024-11-25 04:39:20.285002232,27.45469008836741,0.22063204556973764,87.17444108594782
290430,648194,2024-01-24 21:27:10.840767860,26.012022830696058,20.3317197485013,32.2718333956606
481380,103784,2023-11-29 11:24:06.259579897,18.641380104899756,15.69773624991094,30.747922051258243
307461,450500,2023-10-28 05:15:36.540154696,21.652561935965583,10.978110262689297,54.50559986852554
587635,460509,2024-09-27 11:53:14.949502707,48.11297966836619,1.8402359904904264,43.194725223097485
385756,450500,2023-09-26 13:02:09.309654713,31.99514442908861,3.9849012018352132,37.18734818395986
850844,556927,2023-05-18 05:22:33.674139500,41.45474702202203,0.8221838320471808,83.34261202722051
619660,688192,2024-01-18 20:29:38.553061724,21.519968125116456,2.2464374813653785,44.59965528265103
201284,870170,2023-02-09 01:53:05.019373655,22.763431919037274,6.350709316111531,81.14114806786975
925738,707274,2023-11-21 06:29:42.179146051,20.934421363625614,10.715560854878593,79.66815980699636
910974,914877,2024-03-16 03:40:24.428046942,28.466752001665746,18.580690694575537,32.4020575366345
708632,592215,2024-09-20 05:41:48.512757063,29.050144798871617,7.758215313478303,47.162463525747086
175789,205546,2023-08-01 16:58:51.208246946,17.990228682748636,3.8263367934745274,39.888575694365315
662132,147245,2024-09-14 00:17:35.168126822,30.94614934836231,11.019450232185164,42.91864955226396
647148,311146,2023-01-24 21:33:07.280794144,26.51732983375147,5.353024629900052,35.68388615126063
365358,661938,2024-06-19 19:57:06.677818775,30.20239285361931,2.907395235951346,46.99808218775142
811598,589812,2024-11-01 02:46:54.764971256,37.43808163826631,1.2290719187906247,56.336204215977716
921780,651873,2024-06-20 12:23:08.095173120,26.098285139612653,5.623481390003555,82.59825790479096
221365,360463,2024-09-24 14:49:03.178311825,22.911017094283643,3.3179103155155065,59.522407806990664
472408,211500,2023-05-17 11:20:51.848877430,19.573339810521666,6.269642370884593,72.96349140191649
196757,372351,2024-06-25 10:10:47.420067310,28.368700468277282,5.171895840256755,53.39816948304447
366850,885233,2024-03-26 20:26:12.258075714,25.2962723778973,7.846235649623415,63.68973130157882
251260,624401,2024-08-07 11:31:26.106650114,23.33957659087779,10.168646680050035,33.46083464638785
483166,641773,2024-01-02 05:07:49.897090435,17.57061897164995,6.703283691083854,62.49468042182681
135251,989243,2024-02-17 09:16:22.329652309,22.257466832923704,3.5525379936565855,42.97346791354158
154024,246628,2023-04-23 04:45:47.140667915,30.726761341061895,3.167596653643932,73.67491825424354
622373,870170,2024-05-08 14:21:28.625370979,29.23653254486209,14.25661280939779,55.645606852006196
591777,211500,2024-06-10 10:04:47.889138937,31.407947031468087,4.500122369858893,62.70880736944051
537035,147245,2024-01-14 22:56:59.462007284,29.935599490885718,5.827774994720569,82.94380249836252
615546,914877,2023-03-09 11:43:00.965301275,21.990252467682197,5.994118969123651,81.60215365611418
527492,661938,2023-01-28 05:08:56.447288990,34.54841539018553,7.9193880702526265,61.942512167409454
375575,688192,2024-03-12 22:44:10.208218098,32.97840213585677,2.3666828054784164,57.98347286204685
635926,217660,2023-03-05 06:05:31.699267864,35.06830476848278,2.390419090000555,51.44395359911601
125830,310774,2024-11-04 19:35:18.620110750,18.593179550212934,8.624529739146036,75.96553708795341
571292,700742,2024-06-12 07:58:22.097725391,38.41410037552252,1.1587258252190662,79.40739673065775
876763,205546,2024-10-31 14:01:23.160052061,31.86342748880535,39.32837916792935,44.67152833318093
581797,389935,2024-11-12 19:54:16.265526056,28.06924355283528,1.0882157190962745,33.623909106968156
664750,271070,2023-05-13 05:40:48.542816162,28.039543240970097,2.2652384281687032,81.22051932317183
138872,834002,2024-04-06 17:19:52.173597097,25.838507604058055,1.0943709745400496,44.92110591729183
416795,147245,2023-01-04 00:49:29.991382360,20.231069560753003,1.375122212508099,48.663631440554866
487721,389935,2024-04-13 01:48:59.601905823,17.77084332632682,9.157759461573185,32.62927806505065
719519,302485,2024-10-30 06:13:21.198188782,25.82974444249061,1.5059172512159065,63.13546211023771
725095,914877,2023-10-16 08:43:43.166810513,30.15559759012914,15.043307437877907,49.48155998478771
883666,178522,2023-07-13 16:44:35.187964201,17.460295415557418,10.100001191947115,47.63441490581975
995420,460509,2023-11-03 02:12:31.991993189,28.566676413440856,1.1905252487809426,88.21950151657524
370592,205546,2023-11-30 01:05:19.291300058,10.693537341051323,0.2560260467987123,49.31643398520889
476760,612373,2023-11-22 07:40:39.269171953,25.822021790300568,0.978757179251474,37.98103221733042
376414,401529,2023-10-09 11:31:43.612755060,23.295679439880487,0.6556935357325324,55.44098398002188
960598,641773,2023-08-29 03:29:36.210233927,27.0426821831548,3.71798629978454,42.928420638476055
292529,677067,2024-05-21 17:34:10.010736465,34.96446033928762,28.354700283307963,34.410137476865955
938604,477341,2024-06-29 15:16:13.763677359,18.731337409165544,6.3256590586179895,81.31854040079057
364381,776620,2023-03-04 17:00:55.356506109,29.576125418249223,2.0458596770286652,53.3923510449579
113882,592215,2024-09-16 19:33:31.206073999,26.98647932199722,5.313442842068431,53.67425713511282
319666,925388,2023-05-10 20:31:18.289007902,24.183507101618748,8.68052954632209,46.769521237916635
365170,646686,2024-11-03 12:58:02.281003237,15.560818276631604,3.5504749724153193,34.56176267662207
373894,674519,2023-10-21 06:09:51.529953003,26.426245517103492,8.955601661358752,41.45065980317814
292903,700742,2023-11-25 23:25:41.695739269,32.362161093079514,8.530400227975797,43.91189297703201
801077,651873,2023-02-06 17:23:22.647315741,33.54965969053943,11.885802549577068,34.35789492578165
351599,757689,2023-01-04 04:47:06.524349928,17.175179398471204,5.056859204235046,30.366028606548664
467932,914877,2023-07-12 16:13:48.020791531,23.0389844884902,0.931089385147049,72.11272410878826
763862,424614,2023-05-25 12:13:34.879768848,33.10964357270908,11.761774685059674,85.2166257187296
845206,834002,2024-01-21 05:22:07.407022715,37.779875735037734,8.382575404044735,71.79242306447081
357516,556927,2024-08-31 01:17:29.410960913,30.690899632612037,4.1905449846091125,43.35975690151577
471846,313517,2023-08-05 00:05:05.252542973,20.96619136362547,14.06668580900174,76.70890569418158
423832,726494,2024-01-23 21:17:58.295698643,30.25226986606004,9.272261617731699,43.45352741806966
952622,108603,2024-11-07 07:42:16.947536707,29.829326809521326,2.7631493638323232,41.103142611299
205789,450500,2023-08-07 23:31:20.772512436,40.0909578793114,16.65984994898123,65.84408402466985
871710,612373,2024-04-25 09:03:39.889707804,19.157935973689586,8.490856797770551,37.56020861641276
377828,522599,2023-05-06 07:38:44.517288446,22.671419326513362,4.605561048972709,84.92967498353728
322439,477341,2023-11-07 11:15:38.082656384,19.9944783904402,1.3245048993039894,77.95695891201488
677812,264213,2023-08-15 22:13:20.185644388,18.288052754235697,4.659606661553127,41.410187042713474
439119,726494,2023-12-24 03:10:41.569828987,23.783778029107168,3.4277236078340776,31.283597138787943
740831,371892,2023-12-11 11:56:35.635979652,39.399174667344,0.31151181731084915,54.31691987936715
102195,372351,2023-01-18 08:25:29.314175367,33.77676372797092,9.742734665782654,66.38013375740728
379516,401211,2023-05-16 15:57:52.671370983,30.54073835907712,3.7912262520196025,30.467791588956153
655710,660348,2023-12-05 11:27:09.377028227,34.0114843353255,11.646188955113281,34.862331058863745
302920,967931,2023-05-17 22:01:22.266175508,29.319928365638223,2.264523274504075,74.32814193190336
235451,641773,2023-04-11 09:59:12.737804890,34.691678995258165,0.5956293758437031,71.82054467949635
866820,116605,2024-09-23 15:09:38.790567398,32.462301483660546,6.389703807000113,45.33129558954347
540153,813803,2023-11-21 04:23:58.649642229,23.43375920795964,0.622448967642878,37.330372451815556
990075,813803,2023-05-21 14:48:20.608121395,21.557529660325834,5.083557694665272,56.229923616480704
882960,546186,2024-02-23 23:55:05.247246265,44.19022155289487,4.474660605513664,74.45165634133261
421417,460509,2023-10-15 10:50:35.960485697,22.189500241521742,1.6839472822472885,76.07173749248828
354637,103784,2024-08-02 00:01:27.774896860,19.843008044055154,0.6006140243477993,36.339727356933565
110824,546186,2023-06-26 22:03:33.827856779,33.18082599988607,8.745124759074184,89.21222613071342
181450,432631,2023-08-06 16:55:46.427111864,16.22466389112911,7.362169352451183,33.87520352316875
705797,677067,2024-05-07 19:49:51.600715160,24.971088929816563,0.2789374261341583,36.886480029676804
746120,674519,2023-06-11 15:10:10.127601385,28.419640464043812,3.9125000257675753,86.68428201899246
256506,264213,2023-12-18 19:46:20.756913424,34.52664169499637,1.5574007388614968,77.74576791373062
658438,813803,2023-03-19 18:29:25.362798214,34.63522599933123,3.610207188546627,33.51239032220841
781819,377344,2024-07-12 13:59:08.803033352,35.502894241768445,3.3081692601936163,44.093943717324564
577127,147245,2023-11-19 22:05:51.795673847,37.61492104849464,4.257978926318663,59.129923876624176
401867,661938,2024-06-20 20:27:33.800382376,31.662094201708225,0.3271250633130592,83.86153193459103
548847,912052,2023-12-24 01:33:04.484167576,35.93860478545917,6.281671392280076,37.4771914609268
988895,522599,2024-08-24 15:01:32.988844395,32.186002711875744,9.66605086531122,69.8751921598024
334142,205546,2023-06-05 12:17:45.064358950,19.251652166926736,3.0360418599547208,78.87359819783998
545154,546186,2023-03-06 13:46:18.421278715,22.85790150737149,10.752254158298296,34.63405704075268
781834,287267,2024-06-16 06:05:40.844248533,22.937682170010103,1.519808489014574,67.22249606970854
197987,217660,2023-02-16 01:37:36.436646461,36.23809632905146,6.854215466601966,40.260233906620925
202232,372351,2023-11-07 12:31:16.897529125,32.30401656932783,25.243712327918203,32.72748006128078
232361,816451,2024-11-09 23:18:24.221301317,31.879009541628033,6.504066396686986,46.107850895289744
755450,556927,2023-10-15 10:20:35.017313719,34.3403230505106,4.782569985489617,71.09466051004708
435856,816451,2023-09-24 20:50:16.464043379,25.31964486579765,0.2514257533357951,57.74851681305735
115169,804694,2024-10-15 04:40:26.110254765,38.13586264922966,13.059509611207929,36.23037768130405
456930,840378,2024-01-22 03:31:59.253870726,19.546094919553397,4.176946032777385,30.4610558167727
333896,116605,2024-04-17 07:56:03.289944887,25.14160433137846,12.718567157386984,51.027824562329364
813791,648194,2023-12-12 09:54:34.756546974,31.791858828006205,2.712759455011612,43.97724887268232
350793,140387,2023-01-19 06:11:26.603072166,11.19097449916909,5.831749121250516,33.16006490474113
497049,883836,2023-11-16 15:53:40.174403429,33.62196498692014,3.38325217606042,53.94025260101145
592823,556927,2024-08-29 13:28:08.439621687,23.759542129393928,1.8637567667455457,53.17168735954105
977516,217660,2023-01-09 06:36:09.908082008,21.46894577967212,13.133970777642958,38.04850036119632
530852,578787,2023-09-12 01:20:28.974296093,18.72997780377477,11.591086998826936,62.66068261642044
876842,522599,2024-08-20 12:51:23.351264238,36.067671721155534,25.22149292062906,64.83909053149287
442182,891590,2024-07-18 20:27:46.309690952,19.578324266340932,24.453011555861863,68.52724459321196
800263,776620,2024-11-29 13:12:06.691077471,20.334786659639896,1.1780127782565475,48.19026931374728
416899,432631,2023-12-31 05:13:27.699476242,21.25706625276015,0.6978975419134743,66.773953765669
106238,643743,2024-02-23 00:21:02.224282980,30.992948864174444,5.386079176918484,41.628842248807025
801682,677067,2023-09-09 17:17:40.424948692,24.863150246540375,10.231867317449613,60.047533274742705
726849,788890,2024-02-16 11:57:54.682501793,29.124052053799304,4.596616938955529,57.18453916341517
183846,140387,2024-08-10 15:48:16.605508566,21.879008915713662,7.159426636620204,49.90515098902327
713790,424614,2023-05-09 11:39:09.274867296,31.344041096569274,41.95926380269079,35.308414295514176
405376,700742,2023-04-28 08:33:28.534041882,20.489466227190768,3.004323537848596,34.074753174905446
507525,386102,2024-06-01 12:22:07.057528496,29.229587114477162,9.83435591798898,33.22311332835198
739340,246628,2024-10-20 05:04:02.861445904,20.90650312922614,6.807623122616739,46.00813568711186
722883,477341,2024-11-06 06:51:24.665249348,23.320222364090224,12.15933294447246,84.70260672063523
945369,378076,2023-03-09 10:50:22.793788910,26.23998031856839,5.744953227396871,48.625273718774096
248785,287267,2023-11-07 00:16:17.045996666,31.050479163938775,2.1161072438363564,49.237609035762844
407842,386102,2024-03-09 06:08:47.492482662,32.04491501989512,1.5349628495940268,77.45184558100298
481334,465762,2024-07-18 04:13:15.385684013,19.881494234493506,7.960444935778888,80.9448521148769
700319,688192,2024-09-25 15:30:39.158973932,28.845921595769152,5.806807944257121,87.92275670040928
421903,372351,2023-01-10 22:46:57.508365870,22.393446072460833,6.490700571138998,81.03561009984959
782606,660348,2023-06-01 02:22:34.177733660,17.376311001209263,3.8825280625043024,40.00469400159477
765650,401211,2024-05-02 04:48:12.981189013,33.08566621038414,0.1405881910441123,39.75326025323351
206341,840378,2023-02-10 22:05:04.924147844,24.83869769695952,4.747124481938737,72.89765321577016
136896,774461,2024-08-19 20:49:55.055793524,25.410272633656778,1.9509120137369729,77.76866257441603
105195,205546,2023-12-15 13:34:23.715813637,29.778288172012115,0.496547036794319,44.67506169419751
610195,641773,2023-02-02 15:22:57.008064747,20.960619605521686,2.6632159830906086,68.47467984025715
987140,677302,2023-02-17 09:40:45.274543524,25.744352362001784,9.40756440765409,31.430742820654537
494247,774461,2024-01-08 03:14:54.516564369,28.94175159735169,6.368642062708462,56.166826378017774
344878,813803,2023-01-22 07:05:12.210453987,26.33889341161022,4.620804611287891,48.84852247772828
401174,456912,2023-12-18 17:27:22.113063097,15.94959046630617,1.3311621723440075,70.91053233847981
258653,769193,2024-03-18 12:27:25.290718794,26.072959500584915,6.856897464475578,48.90928446022298
503055,661938,2024-08-02 17:52:52.016624928,20.499128535034384,3.9808228740482368,52.89082406414141
468423,178522,2024-08-25 20:43:13.534244776,26.547429010682364,4.899572664512265,88.7574421106622
586247,450500,2023-02-23 05:41:17.273970604,33.26033192759414,7.656306753580757,57.768494153064225
995413,589812,2024-10-15 11:44:09.996862650,18.217958970494273,9.844778092381954,58.8286922676666
853718,371892,2023-11-28 10:30:06.185570955,26.402966754010933,4.394067112310928,80.29979440236964
782687,205546,2024-07-05 01:43:56.000061512,21.179080213699677,2.241244894096331,47.29506544108688
156508,225072,2024-04-18 05:17:28.396245003,20.693634983710204,9.569034208739168,66.48874896913345
924608,225072,2023-05-15 12:17:21.047804594,14.265624013221009,0.38957764361101765,43.81515929694737
788972,185638,2023-03-13 14:14:12.236148596,17.78326350760414,0.18809483586829223,48.503458580309484
941565,108603,2024-01-03 22:40:43.117162466,32.89075573364033,2.2325626106751635,86.73660206254054
446201,789159,2023-10-22 09:50:47.317171097,31.629311119990902,15.153200846388959,67.87873489267145
511864,456912,2023-03-16 22:25:17.541131735,19.081498001402394,3.07921085209865,88.49328915714028
166755,840378,2023-04-09 20:26:56.503429651,33.81309809377072,7.777704837317453,52.40344637935273
934405,264213,2023-06-21 14:40:39.413865089,29.254060881157546,23.71651287170669,89.65976957656223
373250,477341,2023-10-03 11:06:01.235254526,23.6401074823328,12.245142496448988,66.13729341035926
124730,772320,2024-10-17 03:01:35.691305876,28.44892221077694,6.726346446438379,58.1185763834785
253370,755935,2024-08-19 04:27:27.885639668,28.71360011894506,6.489648168365536,74.60650561447474
301860,660348,2023-06-27 10:45:24.754825592,34.66811418117804,5.498818568968132,57.96898583342778
835598,813803,2023-05-16 08:02:06.024920940,26.030071058536688,21.19189832147142,56.602412338451174
663180,116605,2024-09-02 22:03:56.251364945,35.62639827182584,16.08617688113531,53.23564477294464
223479,643743,2023-10-15 00:21:16.034603357,20.78452317615407,14.451765004449076,69.57506423474928
636772,310774,2024-02-24 12:56:27.550530434,21.01959759879846,19.30617344379924,64.5262791907781
482408,211500,2024-08-15 20:34:31.230226517,24.76551495931841,15.68096647231525,45.64619513218793
130083,592215,2023-01-30 02:01:11.194691420,29.26799865325135,1.3679849249716953,65.71281675330698
884398,885233,2024-01-07 14:57:53.679174185,24.26114355758304,1.3431581609797547,70.98347974913041
504694,302485,2023-01-31 19:48:04.279739380,32.71585948816655,6.480075674769873,56.59378576161187
226137,290289,2024-01-02 09:27:44.723774433,28.726490265195096,6.692995112293854,42.72528406175825
989511,726494,2024-02-17 06:14:50.032525778,16.342168376680394,9.315414281006959,46.92612507595672
747565,246628,2024-07-06 03:35:13.183316469,25.732037956288526,0.18922976410061088,79.23660076455327
947424,700742,2023-02-17 13:56:55.543915272,28.293986439052603,2.3644207967838424,62.24941613227745
517084,660348,2023-04-16 08:28:04.764187813,17.291547276721595,7.969146424866993,73.1578121489872
982153,915338,2023-08-06 01:34:54.602677584,29.619910751616732,0.5355251295498616,79.4635392326266
988297,246628,2024-03-16 18:51:19.108519554,24.928945073782085,24.438593187292796,31.0377368209166
489622,371892,2023-10-24 11:14:21.858578682,38.12916290733771,7.644172267394901,60.681025284667854
806288,870170,2023-06-22 03:41:43.551388502,28.261251604865805,4.23721884594545,36.10462956791603
947683,774461,2024-02-17 10:14:20.284217596,12.246187322004323,0.8720216171541022,61.23251472449801
995000,543302,2024-05-29 15:18:38.859502316,15.839983736406994,6.71823977871587,79.96503739560961
353966,465762,2023-06-06 12:41:10.490128756,40.17262027395302,7.7058543843477825,51.181791706955195
829341,217660,2024-02-27 22:01:01.293881893,19.020520584644643,9.562083124322932,44.0559045796674
908811,218181,2023-02-10 15:50:40.953097343,24.861247150734584,3.349046486890363,55.966078892326095
782891,688192,2023-04-23 18:53:14.760624886,34.69150830719896,0.06994446672305502,72.07594350163617
592951,140387,2023-11-05 19:27:04.571505308,25.058418324957124,0.6328722275212206,53.19314179923789
418628,700742,2024-05-19 12:30:47.557759285,20.0444576530519,5.274429227409508,67.47759260720775
255676,688192,2023-01-26 04:36:24.437300444,23.222375974754712,3.574935652841743,82.8378095388483
518312,389935,2024-01-02 20:15:00.455858946,26.491496238625203,5.756123265542039,78.93987795200417
499947,377344,2024-08-01 08:31:34.819626093,29.559331503099912,0.9215451607033094,85.90697370473272
697119,651873,2024-03-17 11:15:18.047074556,26.46771750943591,2.9677516800021495,77.14705359707834
544086,964009,2023-06-29 08:45:12.221471548,21.179987398739893,1.245989154982235,47.0172181524166
791373,371892,2023-06-03 12:12:36.121273041,24.946698326519144,12.395153883093645,54.34398302234382
989500,726494,2023-04-17 03:57:53.293288231,35.52857227984379,4.899447559192029,71.62189556931986
747077,912052,2024-09-03 15:09:11.073393106,30.182413624258444,0.5153128163047398,69.52750338357237
431588,302485,2023-08-14 09:38:58.659959078,28.18909929073436,17.81151631823991,84.81379668253675
437386,246628,2023-08-22 16:21:35.150254488,19.476008344578407,0.2644947949900686,38.09982798228556
737537,199600,2024-01-26 05:32:35.560430765,15.117719987779738,1.2861225311721218,62.089914097472395
365307,401529,2024-10-13 10:41:23.390111208,31.441805372865133,14.097485814671888,78.27507965873326
596811,432631,2024-11-29 06:13:09.280761003,17.632238206485212,0.9956156005833685,33.829761494047055
180298,968545,2023-04-21 07:03:18.391811132,25.60523677781601,21.568856555234056,37.35401171288172
385843,788890,2024-10-03 06:21:32.930540085,26.312772818850323,0.03257435111865711,78.10056818329603
234107,477341,2023-02-06 10:54:54.931104660,24.275198421318002,3.2194576137501336,68.53686180728346
239450,217660,2023-12-14 07:34:04.672792912,39.33274181720887,8.734955980583642,76.71352822130848
812885,967931,2024-08-14 18:50:24.371088266,27.74969070471132,0.651504114926829,49.04726082051629
301938,912052,2024-04-07 10:45:21.912400007,43.36789773656884,5.534635412704396,59.17781695426636
682750,271070,2023-10-15 04:09:33.294548035,36.5820832341569,1.5462674553591764,47.66370745707597
201569,592284,2024-01-17 15:36:13.239835262,8.222988649899325,7.50924892733519,61.33868493407902
646886,682864,2024-08-01 21:32:10.650166035,27.74121621968521,2.1092662193599576,49.121655615619616
338710,968545,2023-06-02 00:05:57.068034649,30.34370072316658,10.590847827870865,61.95812960007156
506492,546186,2024-05-18 06:03:19.240885973,32.74772516787986,2.14672204591699,80.46370177677593
476027,311146,2023-09-10 03:51:23.844480276,23.520517385558662,4.366758023856814,85.61997723382979
544513,607500,2023-11-05 18:32:08.758647919,19.664065528530767,9.391561064181145,66.86113902206176
374343,624401,2024-01-27 09:14:25.657028913,23.696480747344697,1.691069396942223,76.89610395549109
736026,389935,2023-03-21 03:55:56.807408810,29.304978568277726,6.560991084305694,70.94428405430688
827304,103784,2024-09-03 15:53:36.480148554,32.44587375059754,21.632152918057045,36.80439178793819
526495,401529,2024-08-01 23:18:11.179132462,24.96473229014381,1.6667380401209781,70.17317799167759
257579,264213,2023-10-02 00:39:42.489377022,36.423635828870374,7.38729482016032,38.61302489442895
285055,543302,2024-07-19 01:33:29.683783531,19.087997052709447,4.446762001751489,76.77803766991161
552347,339012,2024-01-13 01:27:30.419254065,12.699444509819797,8.150852516361363,31.48667202915071
125530,870170,2023-01-31 14:49:07.853811741,20.556505272643967,3.6026982886064776,32.358348482608335
825762,661938,2023-09-27 10:43:32.052502871,25.56514839495687,9.227713473507986,70.35495376048132
141221,122219,2024-08-19 07:16:55.268620968,31.310790790456654,4.870234539540057,85.25462888920622
932011,271070,2023-01-17 06:04:13.426704884,29.411572808063365,0.010937873384646597,66.76504310608371
145408,401211,2023-04-18 08:23:55.090290785,23.463796650931165,4.464683909747142,53.25741870169959
687267,648194,2023-06-25 17:00:51.349063635,25.86803118212187,8.61120415227853,63.05219866545854
688729,311146,2023-08-02 06:36:19.936128139,25.701582145540655,4.703570570254612,68.17082204127351
581084,264213,2024-02-03 17:24:51.713747263,19.78329953432788,4.40198402409401,38.2734137722197
369148,804694,2024-10-15 19:28:39.776539087,25.240812730438037,1.1277189217323582,37.78288660406619
972421,707274,2023-07-20 20:46:36.913415432,29.40778817134731,3.942651235817496,36.75134981388264
578834,261694,2024-08-26 06:12:30.040877342,25.545171252114557,0.028681679195833615,57.99728823446588
150621,217660,2023-04-24 16:20:51.302159786,37.47869970676433,6.57321484698522,61.1888939348042
509170,360463,2024-02-04 12:59:51.604186058,28.535007565440626,1.738196429093474,40.87828514697949
113382,116605,2023-12-23 12:04:34.652524948,22.633659908822366,3.1847666138329367,46.02576959402994
789694,435671,2023-02-15 10:16:47.841283798,37.89498178980797,15.20296950498022,36.21200018405694
836585,386102,2023-10-22 11:18:08.982998610,23.41417322599466,1.9286540638270493,77.48569719268806
710770,217660,2023-06-21 18:55:08.685286045,24.320406920184606,5.442976501480718,55.23825920179564
641397,435671,2023-08-03 15:20:10.667481899,22.192922123026854,6.614000829332458,66.82976092372405
155953,543302,2024-01-04 13:10:59.845622540,38.1204233459311,3.8760785768005497,33.111094319109576
976475,415986,2024-07-17 18:13:03.689370871,21.958466652592726,3.1276086146540147,80.81442927668655
193668,674519,2023-04-24 07:11:36.147741556,36.44209948847078,13.8641082477178,64.99177490243511
420995,225072,2023-02-04 23:24:56.125267506,25.58047486220297,7.097208548946458,40.09593517633432
653895,612373,2023-09-18 08:16:12.120815039,25.75865741129971,10.13929569699837,55.432754955519215
216900,287267,2023-12-25 05:57:37.115982294,16.10902792356481,4.917343604065357,69.99041429354892
596689,714845,2023-01-13 09:07:04.888950348,36.654119433131605,12.588185878006833,41.70359493283892
131765,677302,2024-01-06 05:44:24.079543352,25.77597898158619,2.8531973066268956,50.480899110265774
980517,870170,2024-06-08 07:09:32.193528175,19.673733521049517,16.278934329038282,54.58715442705416
796973,834002,2023-09-11 03:58:17.341821671,28.98018276877157,0.8254737178397109,82.7151431131362
575911,755935,2023-06-09 13:02:32.845043421,33.775150139549496,0.051100364965357865,76.36891367137478
490876,171226,2023-04-14 04:23:04.262830019,31.600615742790527,10.196041709388574,57.06920402413124
852719,546186,2023-09-14 06:01:32.616083384,37.576514482524715,6.548039461527187,42.22271798639905
533555,271070,2023-01-24 06:51:02.783896208,31.736194052408468,1.157904215543416,54.69883924755398
373491,607500,2023-04-01 17:26:35.182132959,29.593232865967956,0.8439157130226198,30.38830617594867
767791,646686,2024-06-02 03:05:55.986729383,30.788130132722223,0.8037771090820285,47.15797720597319
823631,401529,2023-02-10 09:20:17.276493311,20.111706588358764,10.103586074699576,50.53933299425832
568581,915338,2024-03-19 09:40:50.409199715,28.54636496482805,34.419585261908644,85.0392734843931
463115,674519,2023-05-01 04:34:43.790939569,20.40287468878951,0.3181101006135714,67.43901750552556
465826,607500,2023-02-28 20:00:02.249694586,37.354897233643726,2.0878036712988868,34.46169930333763
619207,677067,2023-10-04 06:31:43.356568813,32.02808893898389,0.7867916277620957,70.99322444873167
880579,261694,2023-08-07 15:23:18.162065506,26.858394496203616,5.3478313130220405,30.93109129837581
625017,661938,2023-01-17 08:50:49.193427563,23.65012636486613,4.36040613734825,40.42275333617589
567315,290289,2023-07-31 23:52:25.519213915,20.00208528260586,2.6734011924174466,68.82361197376846
967583,218181,2023-04-18 17:07:38.400849819,28.630094664139015,2.8764611388929557,66.50419173360812
155253,456912,2023-11-15 06:16:48.244271517,19.563867557902896,0.03463892712768031,41.64632980186892
183405,824915,2024-03-01 05:35:13.357821941,14.595156077771547,24.916969454659842,38.917851505689924
854963,641773,2023-03-12 02:52:00.846399784,28.60241894072041,11.147685046076576,33.25830484555291
725867,648194,2024-04-02 12:01:31.920072556,21.302378888275598,0.30508314151907057,79.84097472493971
166448,883836,2023-06-14 12:52:36.330787897,36.61674814770823,4.841065856096832,41.43717000662468
175372,264213,2023-04-07 17:01:22.015540600,21.8848459524212,3.114643130277422,37.09484774561545
267333,677302,2023-11-03 22:39:43.344819546,19.731137088927017,7.513552817607167,37.81687016923253
254538,682864,2023-10-03 21:23:13.385045290,28.491505554421888,6.72611955928136,55.46141461661778
585590,372351,2023-07-31 17:12:21.090848446,31.099451036673322,12.535019190266931,32.49980973588068
847515,310774,2023-02-09 20:17:47.187614918,30.896492900376472,4.4633389177944895,47.10332532570648
658544,755935,2024-03-05 08:15:22.280940771,30.19179690706532,11.883484915035167,84.24974934220634
250182,660348,2024-06-22 12:52:10.380098343,29.843862200007237,2.9657368066850247,56.604655399641615
672140,707274,2023-10-27 05:42:21.391920567,22.297435642468887,3.7452053277948956,44.753146728646975
561368,517102,2023-08-20 04:42:52.342660904,15.59028069355356,6.031523903799357,42.758943243058134
368257,757689,2023-01-16 22:47:13.916683912,25.396195548835145,3.9405239634132023,45.48435316028402
647256,688192,2024-08-21 23:57:02.643606424,36.700036355888216,1.9286829996643255,86.55011875097452
820513,641773,2024-08-14 00:36:34.783592463,28.30386021120426,2.9904984898717917,83.98537492857531
672168,589812,2023-09-16 21:55:19.175570250,35.98302581826298,5.715155025283079,68.49470432048994
270576,601291,2023-08-04 14:47:46.044774532,31.50180515448814,0.8415429400165148,54.00508753239974
339937,339012,2024-09-07 05:33:37.216387510,26.150249925426447,21.902616677719443,39.168278263181975
938216,377344,2024-05-01 06:34:16.683617115,30.320124715388054,3.1587895145385607,65.19699519604441
150778,700742,2024-11-02 01:15:49.175577641,13.18127467067826,0.01811246687817223,41.886875979968124
380813,912052,2023-10-22 22:27:14.909820795,16.893203665432768,2.3120829689463243,58.62524756035608
784110,264213,2023-04-13 06:23:07.557656050,29.421239183372943,2.0970444612894976,50.60685360616297
372163,677302,2023-04-30 02:05:05.153205395,18.59037342813648,3.2186045222159354,72.82497116053732
102282,287267,2023-02-28 05:46:14.365034103,33.97736484211843,2.2941810281315167,43.83106020950987
930568,776620,2024-04-06 19:29:16.256879330,29.395380769598457,2.0650543694327466,51.277816253122175
613016,456912,2023-01-21 06:10:39.408839464,22.666653922485086,10.11580363215193,39.988717746100754
845405,556927,2024-10-06 20:30:55.940959215,35.340347798468045,10.456315320801638,52.77192739844537
642255,313517,2023-04-16 17:04:50.716075420,31.547991775208736,5.501533669251289,52.900400224165054
194263,192460,2024-02-28 14:58:30.771314383,33.81803975172129,0.8990167238928738,66.20375426194661
276568,578787,2024-04-14 17:14:38.938235760,31.06254405583409,1.3704573902424515,33.760891204800714
852440,661938,2024-09-17 06:35:20.727950573,23.726405879973807,0.48193129961002446,33.08880349898377
709654,547014,2023-10-25 06:02:24.935074568,27.363629263029207,1.2186607181574312,74.51755862932198
514557,339012,2023-07-02 20:26:19.090352297,14.662387228272733,1.0810002720707543,52.80832842096663
201794,264213,2023-01-11 14:23:23.993465662,22.101094630285736,4.421666093138657,44.08044349063994
315620,302485,2024-07-22 00:07:31.796365023,15.060396911132484,2.6238003727580463,66.9191414921674
215767,401529,2023-12-30 22:01:31.885123253,23.916917620460186,10.771785333152057,69.91836236218808
150261,755935,2023-06-26 13:15:59.819315195,34.307460008221874,2.4601373843230143,44.090300335958915
210824,643743,2023-03-28 16:17:03.499197960,11.386096241388728,4.157713663776302,47.73791073092521
255460,360463,2024-07-28 06:31:13.559380293,18.371782871488325,1.8256458460942957,72.19494847260802
678060,914877,2024-04-23 12:53:34.193511248,30.31160393688203,4.700610228545903,83.52557693465081
968265,840378,2024-08-21 19:15:36.342032671,18.88058896580272,5.558820745226937,59.91691325911697
240381,261694,2024-07-18 21:01:17.364738464,20.90930652988675,4.605324982424619,54.56534854773701
847797,578787,2024-02-03 12:03:44.463726044,20.938479517343037,8.663605097008645,41.86635396484986
122657,546186,2023-11-02 03:47:31.047090292,14.267233476498477,0.1678279561280411,38.247324119136294
206896,185638,2023-06-11 22:42:15.019554377,24.77886555937476,14.193938294341615,35.5905838490138
804937,378076,2023-11-05 19:36:09.754971504,17.52198925009994,0.2689562515050205,42.11405394868245
945714,788890,2024-07-27 07:32:21.394932270,30.214548027146165,3.435241039490018,48.61251816667178
741519,171226,2024-08-24 15:25:01.247364759,25.266464931889193,1.3003070117684508,51.731686535301485
846840,171226,2023-09-19 20:04:42.003568649,16.793621419607238,2.110304658970498,78.56850749147299
236729,477341,2023-09-20 14:15:19.063003302,32.63071609399511,1.718188757612489,76.36975762492258
603568,592215,2024-11-01 21:51:23.127315760,15.509155659471045,16.113319437539417,59.77360396237681
135373,772320,2023-08-03 00:48:38.848852158,12.60049545964391,11.632904393372165,84.49299094766332
410106,311146,2024-04-21 18:56:29.139908552,38.47242033599255,3.832334094954326,86.79012481703458
343877,377344,2024-06-18 16:26:25.528815269,32.1140010678858,6.282125350962416,85.0328815034522
353947,261694,2024-11-06 12:35:27.208160162,25.212492238455667,14.48513916622592,67.1903205707701
849169,465762,2023-10-24 00:44:19.996462107,30.183631028868362,1.7940440046268589,71.66405954592005
989675,714845,2023-11-01 04:52:43.582653522,28.1102746477345,1.2375775435211973,55.38239295986075
149294,660348,2023-08-18 03:18:31.164891720,18.181302391919097,3.068165020892727,61.92146099961726
785174,688192,2023-07-11 21:16:05.096852064,33.092170334826854,12.235188061395437,52.74889008256232
571902,205546,2023-01-31 15:16:02.427138567,23.49802372214893,8.656387561631675,70.00991543739548
188891,726494,2023-02-15 13:35:04.504416466,19.941851590188598,2.2478348034482507,42.210807266253724
308522,311146,2024-01-01 18:09:23.953050852,27.97964294759662,6.997720005593061,41.5852782827933
845897,225072,2023-03-01 01:39:26.048000574,31.898289172247843,4.296716678938086,76.49123463000629
751670,929693,2023-09-16 10:17:52.861633539,28.9226471365092,17.983528714327452,56.5579971314978
844543,371892,2024-06-03 06:52:44.909156799,26.20490343109851,4.820217036883504,61.41817432528439
843203,103784,2023-08-07 05:41:00.203593016,23.52933515639042,14.852357253755844,53.46324038672524
