weather_id,field_id,date,temperature,rainfall,humidity,wind_speed,wind_direction,pressure
1,50,2024-01-01,28.31,72.8,67.14,5.46,SW,1010.49
2,15,2024-01-02,34.52,65.63,46.29,26.29,SE,1021.67
3,9,2024-01-03,13.33,44.21,58.98,28.34,N,1012.06
4,13,2024-01-04,33.16,104.56,88.27,26.53,S,1000.27
5,26,2024-01-05,18.7,28.47,39.68,6.73,E,1012.92
6,24,2024-01-06,22.1,27.99,71.62,28.44,NW,1005.93
7,44,2024-01-07,33.67,52.15,90.64,27.69,SE,1015.87
8,41,2024-01-08,23.47,109.86,73.2,19.41,NE,1026.96
9,42,2024-01-09,39.37,41.3,47.32,18.8,NW,1012.32
10,6,2024-01-10,29.54,124.7,75.5,27.21,NE,1027.39
11,38,2024-01-11,44.57,137.17,88.8,29.22,E,1000.21
12,38,2024-01-12,11.91,83.18,67.35,5.95,W,1023.08
13,17,2024-01-13,32.52,10.33,63.5,21.04,SW,1007.5
14,5,2024-01-14,15.49,23.25,91.09,5.06,NW,1014.12
15,2,2024-01-15,39.71,44.35,61.89,12.03,NW,1011.23
16,5,2024-01-16,39.82,39.5,58.34,12.87,E,1010.93
17,13,2024-01-17,40.43,55.07,84.86,7.8,SW,1026.77
18,42,2024-01-18,12.62,0.11,80.76,2.67,SW,1016.09
19,29,2024-01-19,27.21,95.7,81.05,11.04,NW,1008.08
20,9,2024-01-20,18.43,56.86,65.11,28.42,NW,1029.68
21,6,2024-01-21,43.96,27.83,30.21,3.52,NW,1019.69
22,22,2024-01-22,11.76,2.81,92.02,21.56,S,1013.18
23,8,2024-01-23,17.79,128.52,83.17,13.05,W,1004.2
24,3,2024-01-24,32.52,116.4,61.33,27.6,N,1022.41
25,30,2024-01-25,24.11,35.82,66.87,13.61,SE,1000.17
26,4,2024-01-26,18.22,108.15,90.78,20.21,SE,1026.51
27,11,2024-01-27,26.07,98.74,53.33,3.56,SE,1021.28
28,37,2024-01-28,38.04,80.84,74.32,21.41,NW,1003.32
29,28,2024-01-29,25.68,58.12,56.04,5.72,SE,1008.55
30,47,2024-01-30,39.98,78.61,71.1,25.86,W,1004.01
31,26,2024-01-31,25.65,74.63,92.32,23.46,SE,1012.63
32,32,2024-02-01,14.15,82.72,35.89,8.64,S,1009.94
33,2,2024-02-02,27.41,91.96,64.75,14.83,W,1000.95
34,25,2024-02-03,32.87,48.39,92.46,3.91,W,1019.99
35,44,2024-02-04,13.59,96.14,35.23,25.69,E,1028.45
36,28,2024-02-05,24.43,16.57,59.88,18.0,SW,1028.79
37,12,2024-02-06,29.5,78.48,79.82,29.86,S,1029.49
38,23,2024-02-07,10.01,10.0,72.11,8.49,NE,1003.56
39,14,2024-02-08,13.18,125.28,41.48,20.32,E,1014.67
40,12,2024-02-09,31.15,19.47,32.56,12.55,NE,1014.87
41,18,2024-02-10,31.67,131.02,54.97,12.26,S,1020.45
42,18,2024-02-11,20.66,30.31,42.42,4.38,NW,1003.82
43,29,2024-02-12,27.79,72.81,75.23,8.71,SW,1022.53
44,10,2024-02-13,17.24,14.81,88.27,7.85,SE,1023.41
45,3,2024-02-14,33.5,85.65,70.99,18.53,N,1012.0
46,40,2024-02-15,43.26,125.44,53.35,27.22,NW,1021.78
47,40,2024-02-16,22.72,98.69,35.52,11.09,SW,1022.26
48,40,2024-02-17,11.9,78.87,71.13,20.53,W,1024.77
49,16,2024-02-18,17.8,105.2,77.8,13.74,NW,1003.94
50,42,2024-02-19,25.91,38.39,39.1,0.31,NW,1028.73
51,19,2024-02-20,29.61,54.95,42.55,4.0,W,1023.78
52,32,2024-02-21,31.69,90.89,76.78,9.7,W,1003.78
53,27,2024-02-22,26.56,10.63,68.54,20.79,SW,1010.32
54,36,2024-02-23,33.0,139.53,61.8,20.61,NW,1000.41
55,31,2024-02-24,35.06,31.31,34.09,21.4,SW,1020.53
56,4,2024-02-25,13.99,73.71,65.14,21.25,S,1001.56
57,6,2024-02-26,36.58,133.47,50.0,22.08,W,1024.9
58,18,2024-02-27,17.76,11.99,64.71,7.69,N,1012.89
59,25,2024-02-28,21.95,120.15,84.23,2.86,E,1017.91
60,9,2024-02-29,39.05,9.11,59.2,1.76,NW,1000.24
61,27,2024-03-01,43.76,83.7,94.73,9.99,SE,1014.41
62,13,2024-03-02,20.22,140.74,32.41,7.05,S,1008.47
63,42,2024-03-03,28.27,62.39,33.64,27.25,NE,1002.48
64,34,2024-03-04,34.57,55.36,81.21,29.9,SW,1012.87
65,16,2024-03-05,11.6,106.27,32.78,28.18,NE,1018.53
66,41,2024-03-06,15.75,123.55,37.68,29.02,S,1021.88
67,35,2024-03-07,14.92,39.87,82.46,17.95,NE,1005.61
68,2,2024-03-08,35.09,6.1,73.38,22.45,S,1008.43
69,25,2024-03-09,35.25,10.56,59.79,1.37,SE,1003.45
70,46,2024-03-10,13.74,45.59,74.08,7.61,NE,1007.91
71,23,2024-03-11,31.38,141.69,86.83,18.59,NE,1021.03
72,31,2024-03-12,16.56,144.09,39.68,9.08,NE,1019.99
73,35,2024-03-13,42.56,14.57,67.66,11.84,SW,1012.87
74,32,2024-03-14,23.75,108.78,90.11,11.13,N,1014.22
75,23,2024-03-15,26.0,79.75,32.4,29.04,SE,1023.48
76,37,2024-03-16,37.35,28.42,39.2,16.79,SW,1003.09
77,33,2024-03-17,35.09,78.93,72.5,17.41,SE,1021.91
78,21,2024-03-18,13.77,37.31,60.63,7.81,SW,1018.33
79,25,2024-03-19,24.51,93.8,89.67,15.11,S,1005.66
80,18,2024-03-20,42.43,26.83,32.98,27.91,S,1025.65
81,12,2024-03-21,39.31,112.38,75.58,26.34,S,1018.87
82,2,2024-03-22,30.61,62.28,38.48,3.96,SE,1004.46
83,21,2024-03-23,37.03,15.83,41.2,9.52,E,1003.61
84,39,2024-03-24,25.77,95.79,33.25,15.91,S,1012.04
85,15,2024-03-25,33.05,53.69,49.98,4.25,N,1008.22
86,2,2024-03-26,43.47,68.81,81.59,3.51,S,1005.77
87,50,2024-03-27,14.71,99.79,59.65,1.32,S,1004.39
88,18,2024-03-28,27.46,132.42,41.09,3.84,SW,1000.53
89,4,2024-03-29,28.56,25.02,68.42,26.15,W,1005.99
90,31,2024-03-30,11.7,27.06,83.16,25.04,W,1025.93
91,34,2024-03-31,42.74,60.23,36.91,22.43,N,1011.41
92,23,2024-04-01,39.36,50.63,62.31,27.79,NW,1015.75
93,50,2024-04-02,26.9,23.73,81.95,8.49,E,1021.0
94,38,2024-04-03,27.79,149.77,44.34,26.31,W,1029.4
95,15,2024-04-04,42.24,66.45,82.29,18.39,SE,1006.65
96,11,2024-04-05,16.2,52.85,57.7,22.85,SE,1012.78
97,7,2024-04-06,30.25,47.27,82.75,7.91,SE,1001.84
98,16,2024-04-07,35.57,148.72,93.84,9.39,NW,1012.81
99,43,2024-04-08,14.49,48.7,74.1,26.78,SE,1001.55
100,16,2024-04-09,23.56,55.76,51.08,9.47,NW,1003.3
101,18,2024-04-10,31.02,114.63,93.43,29.84,NW,1010.91
102,35,2024-04-11,40.89,64.59,67.44,22.91,SW,1028.29
103,48,2024-04-12,27.64,108.88,38.93,4.54,NE,1021.35
104,4,2024-04-13,23.46,91.26,84.37,25.59,SW,1007.41
105,49,2024-04-14,44.28,84.47,81.55,19.72,SE,1026.85
106,15,2024-04-15,42.06,32.09,79.67,23.95,W,1005.45
107,37,2024-04-16,36.68,114.86,68.55,1.6,W,1000.02
108,25,2024-04-17,19.58,138.92,51.81,4.46,SE,1019.81
109,23,2024-04-18,43.73,38.11,37.85,6.9,NW,1009.65
110,12,2024-04-19,43.97,144.25,39.18,1.08,NW,1008.56
111,12,2024-04-20,25.85,67.12,56.99,7.81,N,1008.4
112,16,2024-04-21,14.67,59.56,75.26,21.18,SW,1018.2
113,38,2024-04-22,24.45,108.95,65.97,13.09,E,1012.93
114,21,2024-04-23,34.5,147.44,58.51,29.86,E,1007.57
115,48,2024-04-24,36.19,89.36,90.17,27.82,S,1014.74
116,45,2024-04-25,20.46,77.64,32.65,1.22,N,1010.03
117,23,2024-04-26,34.55,149.01,36.5,10.7,NW,1003.35
118,38,2024-04-27,40.12,45.28,85.08,21.27,SW,1020.07
119,2,2024-04-28,34.92,45.05,69.81,14.56,SW,1020.49
120,46,2024-04-29,42.74,33.28,80.55,14.79,SE,1023.11
121,45,2024-04-30,32.14,128.36,31.02,25.38,W,1003.91
122,23,2024-05-01,17.03,3.26,61.65,26.01,W,1010.82
123,37,2024-05-02,31.85,123.29,30.41,3.71,W,1024.3
124,37,2024-05-03,20.17,103.46,41.66,2.81,S,1022.29
125,10,2024-05-04,22.09,41.39,35.79,26.05,SW,1017.67
126,37,2024-05-05,33.53,83.05,72.36,5.42,N,1018.14
127,13,2024-05-06,44.35,83.45,87.65,5.05,N,1007.15
128,32,2024-05-07,32.75,138.89,57.05,15.26,E,1008.28
129,35,2024-05-08,43.54,23.21,82.48,8.18,E,1017.53
130,20,2024-05-09,27.64,5.66,80.22,26.73,SW,1002.62
131,12,2024-05-10,34.3,53.35,75.0,17.57,W,1003.19
132,32,2024-05-11,21.28,20.76,43.4,17.51,W,1018.89
133,3,2024-05-12,14.04,55.06,71.59,29.15,SE,1018.06
134,6,2024-05-13,22.33,87.32,64.0,15.78,W,1001.23
135,4,2024-05-14,26.81,34.95,56.78,17.12,NE,1029.05
136,15,2024-05-15,29.97,121.66,90.98,12.49,W,1026.52
137,39,2024-05-16,33.35,13.79,69.68,2.31,SE,1024.52
138,15,2024-05-17,24.61,59.97,32.45,23.05,NW,1005.79
139,2,2024-05-18,36.18,137.68,41.7,20.31,NE,1013.37
140,34,2024-05-19,39.45,110.14,62.49,26.62,SW,1002.96
141,31,2024-05-20,20.01,108.54,91.77,0.78,NW,1028.25
142,1,2024-05-21,39.66,118.94,70.77,20.44,S,1018.57
143,22,2024-05-22,38.29,25.94,80.87,20.42,NE,1009.04
144,40,2024-05-23,28.3,123.86,52.61,11.83,E,1014.23
145,13,2024-05-24,10.88,103.44,30.3,17.71,NE,1022.83
146,9,2024-05-25,15.09,86.43,45.32,28.54,E,1016.01
147,22,2024-05-26,33.46,136.15,37.64,25.11,N,1004.61
148,46,2024-05-27,17.0,89.28,64.46,4.61,NW,1003.83
149,12,2024-05-28,36.26,45.06,36.22,2.43,N,1012.55
150,21,2024-05-29,15.63,109.62,53.52,24.92,E,1021.35
151,4,2024-05-30,20.03,86.44,79.47,19.79,SE,1026.75
152,2,2024-05-31,18.77,11.77,65.08,13.62,NE,1022.78
153,10,2024-06-01,39.38,8.39,44.25,28.66,W,1025.38
154,38,2024-06-02,34.17,115.64,80.07,17.83,S,1016.81
155,46,2024-06-03,20.33,52.19,72.86,0.17,SE,1010.42
156,10,2024-06-04,36.38,122.57,47.97,29.09,SE,1010.98
157,50,2024-06-05,11.13,62.48,42.59,19.69,S,1018.9
158,8,2024-06-06,38.49,130.17,81.78,28.53,NE,1003.52
159,34,2024-06-07,13.59,130.47,74.54,9.75,NW,1013.08
160,24,2024-06-08,40.38,34.01,92.96,21.95,N,1014.48
161,5,2024-06-09,35.88,97.92,60.84,22.03,SW,1015.71
162,24,2024-06-10,40.27,90.35,41.46,28.72,N,1028.57
163,46,2024-06-11,35.98,1.72,73.56,17.07,E,1023.73
164,43,2024-06-12,29.64,116.61,32.8,6.34,SW,1005.01
165,26,2024-06-13,18.32,57.37,71.92,1.46,W,1008.22
166,38,2024-06-14,37.45,45.72,48.53,19.31,W,1029.02
167,7,2024-06-15,37.96,6.18,58.25,9.7,E,1008.69
168,22,2024-06-16,20.07,80.99,51.73,1.67,NE,1028.67
169,20,2024-06-17,33.26,22.44,82.33,2.12,E,1001.82
170,21,2024-06-18,42.43,75.36,79.3,28.56,W,1029.17
171,9,2024-06-19,23.56,33.12,32.82,11.44,NW,1005.71
172,11,2024-06-20,43.48,7.58,78.13,11.97,NE,1024.44
173,47,2024-06-21,44.15,109.74,90.12,5.34,W,1014.85
174,28,2024-06-22,20.94,58.93,41.43,28.95,SE,1015.97
175,41,2024-06-23,29.32,66.84,81.06,25.97,E,1015.4
176,32,2024-06-24,10.45,89.27,61.53,2.68,SE,1002.25
177,42,2024-06-25,18.8,75.71,37.54,25.57,S,1013.13
178,21,2024-06-26,31.72,33.31,88.18,4.89,W,1015.28
179,12,2024-06-27,37.33,43.47,76.89,23.38,NW,1016.87
180,46,2024-06-28,40.45,59.15,68.53,8.55,E,1011.71
181,36,2024-06-29,39.05,19.83,51.19,22.58,S,1018.22
182,45,2024-06-30,41.9,12.38,42.92,19.62,SE,1006.21
183,40,2024-07-01,34.66,85.72,74.0,3.62,NW,1000.11
184,23,2024-07-02,32.67,7.4,51.17,14.73,S,1017.16
185,15,2024-07-03,36.43,59.88,80.63,12.97,SE,1017.76
186,43,2024-07-04,29.13,12.76,51.2,24.19,N,1000.27
187,38,2024-07-05,31.12,75.27,36.37,9.3,E,1027.86
188,12,2024-07-06,37.17,116.07,77.95,20.55,NW,1015.38
189,25,2024-07-07,43.75,19.56,86.54,3.94,NE,1015.11
190,20,2024-07-08,20.3,20.23,54.41,19.97,W,1021.62
191,47,2024-07-09,16.21,83.89,44.34,24.96,SE,1007.77
192,45,2024-07-10,33.89,73.18,60.61,15.38,SW,1025.57
193,19,2024-07-11,16.54,97.84,61.49,14.69,NW,1008.89
194,9,2024-07-12,16.08,29.41,87.88,26.56,NW,1008.06
195,12,2024-07-13,27.98,92.4,39.42,14.29,NW,1003.57
196,47,2024-07-14,23.2,110.35,90.31,16.89,N,1006.72
197,1,2024-07-15,25.0,36.94,59.57,12.69,NE,1016.01
198,45,2024-07-16,29.48,10.75,55.18,22.69,S,1008.76
199,37,2024-07-17,14.55,116.52,38.87,24.33,NW,1019.19
200,26,2024-07-18,30.44,48.51,76.79,18.42,SW,1028.26
201,50,2024-07-19,18.93,138.62,71.08,13.02,S,1008.33
202,37,2024-07-20,21.57,13.44,93.41,12.78,W,1003.99
203,3,2024-07-21,34.84,100.76,43.14,1.21,E,1026.2
204,12,2024-07-22,15.42,63.53,38.27,10.25,W,1001.55
205,39,2024-07-23,15.38,52.25,74.99,13.91,SE,1029.4
206,21,2024-07-24,21.29,48.11,33.88,6.73,E,1029.69
207,40,2024-07-25,11.78,89.08,38.87,20.59,W,1006.3
208,15,2024-07-26,42.63,3.63,85.36,4.65,NW,1003.49
209,41,2024-07-27,31.55,45.72,59.81,14.86,W,1019.46
210,37,2024-07-28,33.17,148.15,41.13,18.89,E,1018.98
211,7,2024-07-29,27.17,92.43,52.33,15.74,NE,1029.17
212,32,2024-07-30,30.04,148.52,87.62,8.72,W,1009.74
213,10,2024-07-31,22.53,66.33,69.24,13.12,N,1028.39
214,22,2024-08-01,37.44,21.87,81.32,27.22,SE,1026.52
215,48,2024-08-02,21.13,6.73,71.47,14.33,E,1007.92
216,5,2024-08-03,17.7,122.73,69.75,4.46,S,1004.01
217,16,2024-08-04,16.44,29.95,41.05,3.83,S,1026.95
218,23,2024-08-05,12.39,56.07,93.06,27.09,NE,1008.85
219,21,2024-08-06,27.68,113.66,85.58,25.25,SE,1029.56
220,11,2024-08-07,24.56,127.91,35.62,15.69,NW,1018.78
221,41,2024-08-08,28.8,16.86,85.7,8.86,W,1000.31
222,6,2024-08-09,13.22,8.18,61.8,1.43,NE,1010.66
223,46,2024-08-10,17.74,142.34,94.72,2.3,SW,1021.91
224,43,2024-08-11,17.47,139.01,68.45,1.35,NE,1008.39
225,41,2024-08-12,21.62,130.31,84.4,3.23,NE,1007.68
226,47,2024-08-13,22.63,123.02,48.15,12.75,SW,1000.47
227,22,2024-08-14,17.65,2.06,77.45,2.83,W,1019.72
228,29,2024-08-15,36.34,104.07,77.85,19.83,NW,1026.04
229,1,2024-08-16,28.57,16.69,46.03,17.05,E,1028.17
230,17,2024-08-17,44.88,67.51,51.27,7.6,S,1017.5
231,14,2024-08-18,38.83,3.41,67.67,7.65,SE,1021.68
232,16,2024-08-19,44.34,31.35,87.97,2.45,N,1020.64
233,45,2024-08-20,10.31,80.7,68.47,15.1,NW,1028.37
234,5,2024-08-21,33.41,30.57,39.68,3.42,N,1007.72
235,23,2024-08-22,25.6,78.49,67.29,19.85,NE,1018.79
236,17,2024-08-23,41.66,38.8,30.33,5.39,NW,1018.13
237,7,2024-08-24,31.48,72.45,93.71,5.47,W,1006.18
238,47,2024-08-25,31.74,109.49,32.6,11.79,SW,1013.27
239,1,2024-08-26,43.56,21.2,60.59,2.5,W,1009.73
240,4,2024-08-27,33.89,104.81,79.96,26.3,SE,1006.12
241,25,2024-08-28,21.23,2.76,32.19,8.93,W,1018.89
242,29,2024-08-29,42.06,87.45,64.52,17.62,N,1025.75
243,47,2024-08-30,43.07,99.53,61.15,13.65,N,1011.86
244,27,2024-08-31,23.51,6.52,81.87,20.11,S,1013.38
245,11,2024-09-01,28.91,25.55,83.38,18.71,NE,1021.89
246,27,2024-09-02,19.9,42.6,59.41,7.95,E,1013.02
247,32,2024-09-03,41.9,118.38,45.63,29.0,SW,1004.45
248,25,2024-09-04,38.77,92.69,66.3,26.14,NW,1014.37
249,23,2024-09-05,23.12,7.96,30.81,5.62,NW,1014.88
250,35,2024-09-06,38.1,98.21,77.57,5.55,NW,1013.78
251,25,2024-09-07,25.59,1.25,91.75,22.41,NE,1024.47
252,7,2024-09-08,11.53,58.3,38.63,18.12,NE,1005.28
253,31,2024-09-09,41.44,40.7,49.23,26.15,SE,1017.09
254,37,2024-09-10,16.74,127.81,72.1,3.19,NW,1028.3
255,42,2024-09-11,27.99,99.02,35.9,16.03,E,1005.41
256,49,2024-09-12,43.19,129.64,61.19,0.18,NW,1008.46
257,44,2024-09-13,15.86,2.86,49.81,3.5,S,1009.3
258,15,2024-09-14,43.47,130.11,75.71,5.15,E,1026.56
259,11,2024-09-15,28.83,97.41,85.76,14.31,E,1024.52
260,29,2024-09-16,10.26,34.68,78.57,20.75,N,1020.62
261,5,2024-09-17,12.29,57.11,31.59,26.06,NE,1005.64
262,3,2024-09-18,33.46,146.49,59.56,28.97,E,1004.31
263,19,2024-09-19,37.08,14.94,80.17,18.06,S,1012.79
264,2,2024-09-20,40.27,47.32,86.82,14.6,NE,1013.65
265,21,2024-09-21,24.85,130.02,56.35,18.55,W,1019.35
266,17,2024-09-22,13.64,79.73,81.34,29.22,E,1012.08
267,7,2024-09-23,28.82,27.96,54.08,10.82,NE,1021.73
268,5,2024-09-24,34.6,75.1,60.18,20.21,N,1004.12
269,22,2024-09-25,44.17,68.7,71.17,20.71,S,1022.51
270,11,2024-09-26,37.13,138.95,85.92,11.85,E,1000.35
271,25,2024-09-27,32.63,3.22,34.6,9.08,NW,1002.99
272,11,2024-09-28,42.89,37.11,88.07,3.75,SW,1011.52
273,47,2024-09-29,36.14,79.41,51.64,0.42,E,1003.3
274,5,2024-09-30,15.38,50.04,32.13,3.36,SE,1000.41
275,36,2024-10-01,26.07,59.01,57.68,0.48,N,1024.92
276,6,2024-10-02,21.61,23.55,47.54,29.12,SE,1028.04
277,22,2024-10-03,13.06,52.02,91.5,25.77,NW,1003.97
278,39,2024-10-04,11.9,52.79,65.26,6.28,N,1023.1
279,40,2024-10-05,37.8,93.78,81.64,19.46,NE,1008.03
280,31,2024-10-06,29.53,35.43,81.2,19.49,W,1028.16
281,46,2024-10-07,30.12,146.74,35.26,13.07,S,1017.99
282,2,2024-10-08,17.97,75.19,87.26,18.78,NW,1023.77
283,28,2024-10-09,19.05,121.78,77.82,23.7,N,1000.28
284,42,2024-10-10,23.58,93.87,33.56,5.73,N,1023.75
285,11,2024-10-11,32.06,131.8,91.45,9.03,N,1016.27
286,39,2024-10-12,25.16,133.56,73.85,13.9,W,1024.55
287,28,2024-10-13,10.59,122.23,87.72,14.22,SE,1025.58
288,11,2024-10-14,33.57,4.42,37.21,0.65,SE,1002.55
289,4,2024-10-15,28.72,83.24,53.76,4.98,SW,1004.18
290,7,2024-10-16,32.45,42.03,70.24,4.57,SE,1022.79
291,22,2024-10-17,31.64,22.76,53.76,21.08,SE,1026.77
292,14,2024-10-18,36.46,134.58,41.39,28.92,NE,1024.46
293,13,2024-10-19,30.5,98.54,66.32,14.14,N,1009.22
294,27,2024-10-20,34.53,13.17,34.36,25.79,W,1014.37
295,45,2024-10-21,12.54,57.33,76.11,17.56,N,1007.31
296,36,2024-10-22,42.48,144.09,43.31,6.04,N,1016.31
297,47,2024-10-23,13.71,91.87,93.78,17.08,SW,1008.02
298,47,2024-10-24,37.54,93.83,45.51,25.02,SE,1016.31
299,35,2024-10-25,20.55,34.11,37.38,1.53,NE,1000.64
300,17,2024-10-26,13.03,36.05,61.1,0.24,SE,1001.34
301,43,2024-10-27,36.78,22.91,91.04,18.91,NE,1016.34
302,19,2024-10-28,25.32,145.58,67.71,21.39,E,1003.08
303,20,2024-10-29,23.83,136.46,92.34,29.38,E,1026.59
304,16,2024-10-30,33.13,49.39,43.64,25.46,N,1012.46
305,7,2024-10-31,26.59,81.34,78.43,22.11,W,1000.04
306,4,2024-11-01,28.67,31.01,44.65,17.88,NE,1006.73
307,26,2024-11-02,14.77,20.79,52.93,16.63,SW,1006.8
308,37,2024-11-03,23.68,81.2,47.38,8.72,SW,1011.56
309,36,2024-11-04,37.91,120.02,74.21,14.62,SE,1010.6
310,32,2024-11-05,29.1,129.39,48.01,14.58,SE,1008.61
311,10,2024-11-06,43.6,46.35,34.12,17.73,W,1027.65
312,4,2024-11-07,15.04,105.77,52.44,18.34,W,1020.53
313,24,2024-11-08,33.71,78.57,61.6,20.36,NE,1020.6
314,1,2024-11-09,42.0,20.29,64.23,24.5,SE,1021.45
315,28,2024-11-10,37.83,149.35,37.98,14.64,SE,1027.05
316,6,2024-11-11,35.53,146.37,76.14,21.43,NE,1014.75
317,19,2024-11-12,23.06,21.77,74.09,15.85,SW,1029.72
318,43,2024-11-13,43.23,139.95,64.64,12.66,SW,1006.74
319,41,2024-11-14,29.37,137.57,49.0,9.48,E,1028.69
320,39,2024-11-15,29.43,47.62,70.36,1.91,N,1008.45
321,31,2024-11-16,14.31,83.6,81.99,26.79,W,1002.29
322,13,2024-11-17,10.18,142.29,91.45,12.51,SW,1010.01
323,7,2024-11-18,30.88,17.76,82.57,14.2,N,1010.81
324,2,2024-11-19,28.8,47.64,91.16,14.84,W,1027.74
325,14,2024-11-20,43.14,131.95,34.27,28.17,SE,1002.54
326,11,2024-11-21,20.66,109.06,87.97,10.4,NW,1001.3
327,41,2024-11-22,36.19,114.82,59.76,20.93,SE,1004.53
328,19,2024-11-23,41.62,132.02,35.21,0.62,NE,1012.86
329,6,2024-11-24,22.03,62.11,88.37,8.64,S,1010.05
330,31,2024-11-25,24.44,61.69,48.74,5.77,SW,1005.44
331,8,2024-11-26,32.61,66.45,92.18,10.32,N,1012.76
332,20,2024-11-27,27.94,140.07,37.11,6.96,NE,1026.79
333,26,2024-11-28,15.63,134.12,47.94,6.59,SE,1020.61
334,31,2024-11-29,17.73,139.99,75.31,27.27,W,1018.74
335,32,2024-11-30,39.22,41.07,62.26,10.17,S,1008.61
336,43,2024-12-01,16.8,116.87,86.87,18.06,NW,1026.26
337,17,2024-12-02,16.35,16.02,63.84,25.27,NE,1008.13
338,6,2024-12-03,37.99,27.71,70.77,19.71,E,1014.98
339,42,2024-12-04,39.83,114.37,49.06,3.93,S,1011.07
340,35,2024-12-05,39.8,91.8,93.02,8.8,NE,1007.96
341,25,2024-12-06,42.63,40.03,65.19,21.34,SW,1027.21
342,12,2024-12-07,44.8,85.06,38.58,28.79,W,1023.96
343,24,2024-12-08,26.14,34.64,52.54,24.99,E,1023.67
344,25,2024-12-09,29.24,34.83,58.85,20.19,SW,1025.85
345,24,2024-12-10,20.17,103.11,71.9,22.04,E,1029.34
346,12,2024-12-11,12.36,53.89,48.95,23.88,SW,1023.33
347,29,2024-12-12,13.44,103.22,34.09,23.99,NW,1004.4
348,3,2024-12-13,35.4,71.49,86.67,25.34,NE,1004.43
349,17,2024-12-14,27.05,75.35,45.1,18.66,SW,1013.4
350,29,2024-12-15,21.58,90.71,91.58,8.47,N,1023.91
351,30,2024-12-16,14.49,106.8,71.9,22.48,NW,1029.29
352,17,2024-12-17,32.94,56.09,56.76,20.01,W,1024.44
353,15,2024-12-18,13.5,127.82,52.28,3.87,SE,1003.39
354,18,2024-12-19,31.68,73.72,71.99,5.98,N,1012.82
355,37,2024-12-20,41.5,20.63,51.21,18.17,SE,1021.8
356,4,2024-12-21,21.12,28.99,68.57,3.03,N,1004.34
357,10,2024-12-22,25.77,4.83,75.3,12.48,NE,1009.69
358,49,2024-12-23,31.57,114.68,84.72,29.81,S,1003.83
359,45,2024-12-24,20.7,2.25,58.94,9.11,SE,1023.03
360,43,2024-12-25,30.45,40.48,49.77,6.28,W,1010.58
361,7,2024-12-26,29.79,61.96,38.58,1.41,SE,1014.83
362,6,2024-12-27,22.76,111.35,81.31,0.54,NE,1014.44
363,43,2024-12-28,21.07,148.24,41.16,26.43,N,1029.19
364,23,2024-12-29,24.99,113.67,46.9,10.71,E,1018.05
365,35,2024-12-30,10.17,9.92,61.48,4.76,SW,1019.1
366,27,2024-01-01,18.62,139.07,93.1,24.84,NW,1004.15
367,49,2024-01-02,17.75,147.84,80.03,26.83,S,1028.32
368,38,2024-01-03,35.89,130.07,33.08,0.96,SE,1027.65
369,15,2024-01-04,25.26,73.49,52.95,1.91,E,1011.5
370,36,2024-01-05,39.4,48.73,59.64,12.92,W,1016.48
371,4,2024-01-06,14.7,68.63,40.81,18.53,SE,1016.16
372,25,2024-01-07,35.65,37.02,90.07,3.62,N,1014.78
373,34,2024-01-08,40.73,60.73,76.27,6.72,SE,1016.09
374,27,2024-01-09,26.2,6.27,48.54,7.73,NW,1006.9
375,35,2024-01-10,22.56,110.3,93.26,10.21,SW,1002.51
376,44,2024-01-11,20.69,57.06,84.56,10.66,E,1021.45
377,31,2024-01-12,29.31,46.93,75.04,1.4,S,1015.81
378,37,2024-01-13,16.15,91.73,73.31,26.33,SW,1023.3
379,16,2024-01-14,31.23,111.37,39.98,8.02,N,1024.34
380,31,2024-01-15,39.46,89.07,45.46,4.54,W,1006.58
381,20,2024-01-16,40.05,78.78,32.67,20.7,S,1002.62
382,6,2024-01-17,14.9,131.37,50.58,15.46,N,1010.85
383,26,2024-01-18,28.85,118.04,38.22,20.08,SE,1006.1
384,46,2024-01-19,19.21,78.1,46.93,21.19,SW,1025.52
385,3,2024-01-20,41.02,67.74,41.99,27.8,SW,1010.87
386,33,2024-01-21,12.68,124.05,66.56,13.13,SE,1014.22
387,37,2024-01-22,12.64,6.36,32.25,13.71,SE,1004.01
388,34,2024-01-23,10.65,149.38,50.6,25.25,N,1003.3
389,37,2024-01-24,27.75,77.81,52.35,3.33,SE,1027.34
390,44,2024-01-25,11.09,59.34,54.24,3.18,SE,1010.83
391,40,2024-01-26,30.37,110.28,65.09,18.32,W,1025.48
392,10,2024-01-27,24.18,83.66,40.57,23.46,SW,1023.36
393,8,2024-01-28,30.65,77.42,49.6,28.42,E,1004.18
394,49,2024-01-29,41.72,94.6,89.83,24.71,NW,1013.81
395,29,2024-01-30,29.31,7.39,56.3,1.26,N,1025.06
396,12,2024-01-31,29.02,43.68,62.46,3.16,NE,1016.55
397,11,2024-02-01,44.96,59.71,39.45,18.9,NW,1027.94
398,14,2024-02-02,26.52,45.68,59.77,26.13,NE,1012.63
399,13,2024-02-03,37.13,124.14,50.81,27.33,SE,1006.32
400,9,2024-02-04,22.8,69.2,30.28,4.71,N,1006.74
401,3,2024-02-05,17.82,63.37,78.0,8.76,E,1022.41
402,28,2024-02-06,37.03,91.97,93.41,13.25,SE,1003.52
403,6,2024-02-07,35.66,8.18,51.53,15.18,E,1020.87
404,44,2024-02-08,20.18,77.55,75.85,21.98,NE,1004.29
405,28,2024-02-09,26.26,21.34,60.8,2.98,E,1021.99
406,13,2024-02-10,27.86,124.48,48.84,19.41,SE,1020.88
407,41,2024-02-11,23.89,67.75,91.36,10.04,SE,1012.74
408,10,2024-02-12,27.58,108.4,93.74,4.13,NE,1001.62
409,39,2024-02-13,33.19,16.98,67.29,25.46,W,1003.18
410,17,2024-02-14,39.68,116.81,39.56,13.17,NW,1017.45
411,21,2024-02-15,38.23,140.68,66.74,12.47,S,1014.3
412,47,2024-02-16,31.49,104.42,88.95,23.07,E,1017.82
413,5,2024-02-17,15.8,20.3,58.74,7.36,SE,1004.75
414,6,2024-02-18,27.99,62.03,74.79,24.27,SE,1004.41
415,25,2024-02-19,25.62,67.63,77.56,10.24,W,1004.24
416,36,2024-02-20,16.27,26.83,88.51,15.15,E,1007.35
417,26,2024-02-21,43.2,88.55,39.06,2.56,SE,1000.37
418,36,2024-02-22,33.08,106.9,65.81,11.17,S,1024.93
419,21,2024-02-23,43.87,30.29,50.03,22.65,S,1012.49
420,18,2024-02-24,35.76,68.2,56.11,10.82,NW,1022.96
421,34,2024-02-25,26.92,37.51,84.66,19.95,SE,1014.09
422,30,2024-02-26,22.56,103.76,58.99,4.55,S,1004.2
423,1,2024-02-27,17.66,136.07,36.01,22.61,NW,1015.82
424,45,2024-02-28,27.07,119.47,33.58,12.65,NE,1028.46
425,40,2024-02-29,12.2,107.76,71.69,6.85,SW,1014.11
426,38,2024-03-01,22.93,18.53,67.92,24.05,W,1021.68
427,34,2024-03-02,11.5,17.12,44.44,12.4,W,1013.32
428,27,2024-03-03,17.24,67.41,90.82,12.28,E,1019.35
429,8,2024-03-04,41.77,54.44,48.07,13.76,NW,1000.4
430,27,2024-03-05,22.64,78.57,31.47,25.57,NW,1003.34
431,10,2024-03-06,26.44,57.61,65.0,23.84,W,1001.8
432,10,2024-03-07,25.91,118.66,58.95,10.85,W,1019.27
433,37,2024-03-08,11.63,76.75,73.65,0.89,E,1018.13
434,38,2024-03-09,44.32,142.46,35.68,4.37,NW,1005.21
435,38,2024-03-10,21.34,56.8,63.27,0.3,N,1004.81
436,49,2024-03-11,34.63,57.09,42.64,24.19,W,1011.89
437,7,2024-03-12,28.25,115.24,50.65,28.31,W,1012.71
438,7,2024-03-13,39.04,136.84,69.33,2.54,NE,1028.45
439,37,2024-03-14,39.22,84.82,91.32,9.44,S,1013.63
440,50,2024-03-15,19.22,98.93,89.05,29.46,E,1021.34
441,7,2024-03-16,29.05,22.51,53.47,4.93,E,1007.74
442,19,2024-03-17,16.08,130.32,39.62,1.84,S,1017.16
443,35,2024-03-18,32.88,26.83,85.5,22.78,W,1009.18
444,23,2024-03-19,22.79,106.81,54.03,19.81,NW,1006.82
445,27,2024-03-20,32.87,62.94,54.23,19.24,S,1027.94
446,17,2024-03-21,39.24,46.43,48.5,27.08,NW,1008.15
447,25,2024-03-22,28.08,115.29,52.84,1.73,S,1002.76
448,42,2024-03-23,23.17,66.94,93.54,18.95,W,1011.33
449,32,2024-03-24,41.75,93.97,86.83,21.4,NW,1028.53
450,37,2024-03-25,28.07,17.63,35.69,19.81,NE,1022.29
451,39,2024-03-26,22.35,19.74,77.31,15.59,SW,1012.01
452,31,2024-03-27,40.37,30.43,58.87,8.87,E,1001.68
453,3,2024-03-28,27.04,93.38,94.52,12.06,NW,1011.77
454,12,2024-03-29,26.87,37.97,82.24,20.43,SE,1024.68
455,18,2024-03-30,31.15,68.8,48.76,16.61,E,1029.28
456,26,2024-03-31,27.56,128.31,82.37,9.13,SE,1018.15
457,10,2024-04-01,14.86,81.53,93.07,22.28,N,1002.32
458,40,2024-04-02,15.8,0.86,57.55,27.28,N,1020.77
459,39,2024-04-03,12.7,132.41,88.27,0.24,SW,1014.32
460,44,2024-04-04,32.52,35.68,39.07,8.39,NW,1019.58
461,45,2024-04-05,17.4,88.33,68.17,15.83,W,1012.15
462,26,2024-04-06,16.54,71.36,35.6,27.61,W,1011.41
463,3,2024-04-07,22.68,61.52,43.51,21.01,W,1001.64
464,26,2024-04-08,35.11,11.91,60.85,13.39,SW,1011.14
465,22,2024-04-09,14.14,90.02,86.39,6.15,W,1012.73
466,45,2024-04-10,18.06,36.71,94.13,16.33,NW,1008.1
467,16,2024-04-11,38.39,82.1,34.3,23.65,S,1003.13
468,4,2024-04-12,35.21,92.96,92.41,19.56,NE,1010.88
469,48,2024-04-13,26.85,83.63,79.15,20.92,W,1023.36
470,31,2024-04-14,26.76,123.79,35.75,26.63,N,1010.06
471,18,2024-04-15,17.37,7.34,56.61,23.45,NE,1007.19
472,24,2024-04-16,15.64,22.24,89.44,12.14,W,1004.88
473,2,2024-04-17,39.17,97.99,56.94,5.92,E,1003.19
474,22,2024-04-18,10.79,5.51,66.13,9.05,SE,1006.36
475,20,2024-04-19,11.51,128.07,76.17,1.11,W,1000.33
476,20,2024-04-20,30.07,100.05,79.09,10.03,S,1027.29
477,18,2024-04-21,15.64,125.7,38.9,21.75,SW,1005.63
478,32,2024-04-22,32.03,44.77,42.09,22.2,NW,1006.05
479,45,2024-04-23,11.37,138.06,54.82,3.78,SW,1027.88
480,44,2024-04-24,30.03,7.35,66.0,29.76,N,1007.21
481,7,2024-04-25,11.96,62.54,32.75,8.52,W,1002.55
482,15,2024-04-26,19.04,26.74,83.71,2.78,W,1017.1
483,9,2024-04-27,16.3,100.81,84.25,16.55,SE,1001.35
484,20,2024-04-28,43.54,91.66,49.75,15.64,SE,1029.59
485,48,2024-04-29,30.98,103.73,66.35,22.71,NW,1014.51
486,29,2024-04-30,29.73,89.25,60.12,4.8,N,1001.44
487,50,2024-05-01,10.65,118.1,31.74,0.84,SW,1002.8
488,21,2024-05-02,35.18,26.61,30.16,23.9,N,1009.26
489,18,2024-05-03,33.16,68.3,47.07,17.78,E,1029.42
490,47,2024-05-04,19.92,86.84,92.14,7.24,S,1022.55
491,27,2024-05-05,13.0,139.72,84.23,23.22,NW,1028.76
492,39,2024-05-06,25.72,13.97,60.72,21.8,E,1015.01
493,42,2024-05-07,44.75,44.89,72.5,29.61,S,1009.43
494,6,2024-05-08,40.36,55.29,88.02,3.31,SE,1011.72
495,13,2024-05-09,15.97,56.84,57.12,1.8,E,1010.68
496,29,2024-05-10,39.06,10.15,61.97,11.19,N,1003.89
497,14,2024-05-11,31.03,64.1,74.71,18.81,NE,1020.24
498,27,2024-05-12,37.81,82.57,45.91,10.63,NE,1009.94
499,48,2024-05-13,38.72,43.92,37.76,1.43,W,1026.9
500,32,2024-05-14,16.37,20.18,48.02,19.53,W,1015.11
501,49,2024-05-15,33.09,104.19,94.63,3.74,NE,1015.07
502,34,2024-05-16,19.26,41.16,34.34,8.94,SE,1023.25
503,24,2024-05-17,35.35,79.06,78.46,22.11,W,1000.71
504,4,2024-05-18,21.99,78.7,67.77,13.59,E,1023.88
505,33,2024-05-19,25.87,104.37,66.76,29.49,W,1014.31
506,11,2024-05-20,30.67,91.81,86.44,24.16,S,1026.06
507,5,2024-05-21,18.04,16.4,70.82,29.67,S,1001.12
508,20,2024-05-22,23.49,109.46,60.94,16.97,W,1004.84
509,46,2024-05-23,13.8,94.35,75.13,26.83,S,1020.47
510,33,2024-05-24,17.08,148.08,37.77,18.83,W,1002.36
511,26,2024-05-25,40.09,72.55,63.31,16.0,NE,1018.78
512,9,2024-05-26,27.65,103.3,67.39,17.87,NE,1028.58
513,50,2024-05-27,24.69,140.08,84.94,10.51,SW,1006.95
514,34,2024-05-28,15.23,147.94,40.59,8.54,E,1006.47
515,37,2024-05-29,13.37,43.08,33.8,23.54,S,1020.44
516,2,2024-05-30,26.66,91.33,50.78,21.45,SE,1004.23
517,12,2024-05-31,31.52,47.47,87.09,20.17,W,1021.56
518,13,2024-06-01,11.37,78.81,38.81,21.43,S,1029.8
519,13,2024-06-02,37.44,149.25,40.62,15.59,N,1015.05
520,4,2024-06-03,27.62,53.08,47.72,7.43,E,1029.77
521,16,2024-06-04,14.11,19.46,57.27,9.84,NW,1018.26
522,3,2024-06-05,26.88,84.4,89.29,17.47,N,1015.7
523,30,2024-06-06,14.56,77.96,53.14,24.69,NE,1023.06
524,4,2024-06-07,31.12,94.78,48.84,10.84,NE,1013.42
525,24,2024-06-08,38.96,73.88,64.42,2.94,W,1003.94
526,46,2024-06-09,41.39,26.99,90.86,21.35,W,1008.73
527,13,2024-06-10,37.12,91.41,63.4,24.85,S,1018.7
528,18,2024-06-11,32.72,106.29,79.82,2.46,W,1028.2
529,24,2024-06-12,28.27,146.89,41.91,1.87,E,1001.2
530,30,2024-06-13,22.96,0.24,36.14,26.66,E,1021.38
531,33,2024-06-14,11.52,3.6,78.92,14.29,SW,1020.49
532,26,2024-06-15,28.54,93.82,65.34,13.38,E,1007.17
533,41,2024-06-16,18.03,17.69,86.71,11.08,E,1029.91
534,8,2024-06-17,38.08,127.21,83.74,15.79,SE,1018.21
535,44,2024-06-18,37.63,119.93,74.52,17.65,NW,1028.74
536,2,2024-06-19,23.34,149.85,49.57,15.57,E,1017.01
537,16,2024-06-20,30.62,62.11,74.55,11.84,NE,1029.83
538,24,2024-06-21,35.95,50.07,74.74,7.91,NW,1002.92
539,32,2024-06-22,36.65,84.06,36.23,14.96,SE,1000.45
540,39,2024-06-23,34.38,95.63,67.7,12.7,E,1022.99
541,29,2024-06-24,13.42,1.69,83.52,13.2,SE,1009.29
542,12,2024-06-25,14.69,30.18,30.84,27.93,N,1026.03
543,31,2024-06-26,26.7,42.24,63.68,14.69,E,1023.92
544,38,2024-06-27,18.14,118.53,54.25,29.2,SE,1026.85
545,36,2024-06-28,40.07,46.17,61.52,24.71,S,1014.97
546,23,2024-06-29,19.91,76.0,52.12,4.33,W,1013.64
547,23,2024-06-30,40.69,48.59,89.2,3.81,NW,1005.09
548,11,2024-07-01,24.3,0.92,36.66,21.33,NE,1008.87
549,17,2024-07-02,16.62,102.88,40.05,3.88,E,1002.04
550,48,2024-07-03,34.82,51.2,44.37,21.14,NE,1017.3
551,45,2024-07-04,37.63,108.66,42.25,25.9,S,1010.6
552,6,2024-07-05,30.23,92.4,88.31,3.54,NE,1002.13
553,19,2024-07-06,14.12,4.37,69.87,6.38,W,1021.32
554,2,2024-07-07,10.25,26.34,84.04,14.2,NE,1013.82
555,25,2024-07-08,32.91,49.58,64.17,22.39,S,1029.58
556,4,2024-07-09,34.07,50.69,64.59,28.32,NE,1029.35
557,11,2024-07-10,21.06,100.87,65.82,11.08,SW,1022.89
558,37,2024-07-11,22.68,137.42,79.16,28.55,N,1013.26
559,50,2024-07-12,15.42,119.59,37.41,18.05,SE,1027.72
560,14,2024-07-13,32.81,96.85,59.93,12.26,NW,1028.19
561,15,2024-07-14,18.88,72.22,34.97,3.63,NW,1029.15
562,42,2024-07-15,39.92,94.08,83.22,17.15,NE,1014.65
563,15,2024-07-16,24.82,133.81,90.02,1.21,N,1010.9
564,44,2024-07-17,22.8,80.55,61.17,4.6,N,1008.6
565,14,2024-07-18,19.64,50.27,50.25,11.14,S,1012.27
566,18,2024-07-19,33.82,117.6,53.57,29.73,N,1018.59
567,42,2024-07-20,36.42,62.09,83.11,9.1,N,1020.42
568,27,2024-07-21,24.46,111.39,87.83,14.58,NE,1013.22
569,33,2024-07-22,37.43,125.27,68.85,23.74,SE,1015.37
570,2,2024-07-23,26.89,44.9,79.63,4.26,N,1018.74
571,50,2024-07-24,22.96,108.74,52.23,17.69,W,1009.41
572,50,2024-07-25,29.42,47.33,76.14,1.46,S,1002.5
573,44,2024-07-26,18.88,80.38,31.87,26.83,NW,1012.4
574,1,2024-07-27,20.73,31.24,82.95,26.67,NW,1013.5
575,31,2024-07-28,22.05,102.82,44.45,6.47,SW,1026.32
576,9,2024-07-29,34.69,119.93,85.69,24.57,W,1029.74
577,42,2024-07-30,35.75,133.2,39.25,14.66,SW,1001.28
578,12,2024-07-31,39.92,53.04,44.73,3.67,SW,1029.32
579,39,2024-08-01,33.07,145.44,38.15,10.46,SW,1001.71
580,1,2024-08-02,36.17,42.07,38.46,26.11,SW,1023.72
581,15,2024-08-03,25.63,4.68,35.11,12.53,SE,1020.99
582,17,2024-08-04,34.48,147.54,74.9,17.19,SW,1016.82
583,39,2024-08-05,15.66,93.98,80.96,16.97,W,1004.64
584,20,2024-08-06,17.51,126.36,35.05,27.01,W,1003.16
585,46,2024-08-07,24.02,85.65,80.36,23.44,N,1011.27
586,46,2024-08-08,21.85,58.43,79.23,14.26,SW,1017.1
587,42,2024-08-09,29.27,89.28,32.76,21.6,SW,1025.61
588,18,2024-08-10,34.4,129.69,37.01,18.17,NE,1006.69
589,28,2024-08-11,34.74,112.73,81.55,22.86,N,1026.22
590,25,2024-08-12,15.63,105.79,63.38,15.14,NW,1020.07
591,23,2024-08-13,43.76,47.17,33.85,13.83,W,1010.47
592,30,2024-08-14,10.19,4.74,37.73,13.5,E,1014.05
593,17,2024-08-15,13.19,62.08,46.45,13.47,N,1016.05
594,14,2024-08-16,15.09,74.56,34.31,25.99,NE,1024.55
595,30,2024-08-17,42.41,35.65,73.39,9.76,S,1003.27
596,20,2024-08-18,25.24,67.79,79.05,23.99,SE,1005.41
597,44,2024-08-19,12.24,142.61,80.85,19.94,SW,1003.25
598,34,2024-08-20,17.76,32.42,89.81,12.29,NW,1028.79
599,40,2024-08-21,12.8,45.35,43.35,6.98,NW,1011.91
600,26,2024-08-22,11.32,16.83,88.58,11.86,W,1012.99
601,38,2024-08-23,23.45,117.74,42.01,16.23,SE,1012.05
602,7,2024-08-24,44.46,116.67,52.85,28.74,N,1001.93
603,1,2024-08-25,31.49,137.0,35.9,26.7,SW,1010.27
604,33,2024-08-26,28.24,66.57,84.98,22.08,N,1018.13
605,43,2024-08-27,34.91,3.74,91.22,19.38,SW,1006.38
606,24,2024-08-28,30.91,72.4,91.67,25.98,N,1022.24
607,36,2024-08-29,43.1,75.01,52.61,21.22,SW,1003.43
608,42,2024-08-30,38.71,28.53,40.44,17.16,NW,1013.64
609,39,2024-08-31,32.41,138.55,62.54,23.88,SE,1016.35
610,39,2024-09-01,25.36,109.87,77.36,21.22,NW,1028.46
611,19,2024-09-02,17.06,78.54,45.72,16.83,W,1004.37
612,20,2024-09-03,32.99,116.33,67.07,3.71,NE,1006.4
613,44,2024-09-04,38.14,21.49,36.44,16.78,SW,1017.05
614,7,2024-09-05,20.01,130.77,67.58,5.77,W,1029.63
615,31,2024-09-06,11.18,123.32,30.91,18.56,NW,1023.23
616,5,2024-09-07,30.98,140.7,44.1,17.31,NE,1001.87
617,22,2024-09-08,28.05,101.51,42.45,1.59,W,1024.26
618,18,2024-09-09,18.11,19.91,48.32,17.11,S,1023.69
619,41,2024-09-10,15.93,108.69,88.61,5.68,SE,1029.36
620,21,2024-09-11,11.26,68.91,64.91,14.28,E,1006.4
621,18,2024-09-12,18.37,107.05,93.28,26.91,N,1006.34
622,17,2024-09-13,10.01,78.35,36.41,3.61,E,1000.69
623,42,2024-09-14,15.51,0.62,43.91,28.09,NW,1022.76
624,46,2024-09-15,44.89,139.85,62.77,5.39,NE,1012.69
625,42,2024-09-16,37.29,103.06,76.0,0.57,S,1007.56
626,20,2024-09-17,22.36,89.14,53.82,23.6,NW,1005.28
627,13,2024-09-18,23.83,13.06,68.31,7.36,E,1004.25
628,10,2024-09-19,30.51,70.03,58.58,21.17,NW,1008.22
629,34,2024-09-20,28.12,6.92,92.25,26.63,NE,1002.45
630,49,2024-09-21,35.79,78.09,41.76,13.33,NW,1026.21
631,16,2024-09-22,12.4,98.85,53.06,24.21,SE,1013.54
632,4,2024-09-23,13.16,46.87,54.67,18.21,SE,1012.59
633,39,2024-09-24,19.96,86.63,43.93,12.05,SE,1006.42
634,26,2024-09-25,39.04,46.82,44.79,1.35,E,1026.79
635,43,2024-09-26,42.03,133.82,37.33,25.86,NE,1005.52
636,21,2024-09-27,22.18,48.13,94.0,0.7,NE,1001.61
637,44,2024-09-28,43.72,28.88,38.04,13.11,W,1026.85
638,9,2024-09-29,19.68,41.5,37.17,12.45,N,1012.86
639,47,2024-09-30,31.22,47.87,38.83,25.79,E,1028.9
640,2,2024-10-01,16.81,66.17,79.55,9.52,SW,1008.91
641,42,2024-10-02,42.54,17.65,75.81,7.72,W,1005.96
642,32,2024-10-03,30.12,22.4,66.21,3.44,S,1028.26
643,19,2024-10-04,19.14,41.05,32.64,2.98,SE,1014.45
644,17,2024-10-05,24.25,2.29,51.33,5.04,S,1016.07
645,27,2024-10-06,13.73,93.44,37.52,4.32,NW,1023.52
646,26,2024-10-07,12.53,77.11,48.43,7.67,NE,1028.97
647,25,2024-10-08,20.3,30.99,69.03,2.69,E,1013.1
648,48,2024-10-09,43.15,52.55,50.28,9.2,NW,1027.38
649,3,2024-10-10,38.1,47.77,93.45,12.22,NE,1017.11
650,38,2024-10-11,43.48,21.23,58.86,5.08,SW,1024.69
651,46,2024-10-12,40.66,105.65,66.0,18.43,SE,1016.83
652,37,2024-10-13,38.46,42.49,48.89,9.76,NE,1026.81
653,13,2024-10-14,30.12,36.72,85.6,0.82,SW,1005.96
654,22,2024-10-15,34.3,10.69,42.27,1.76,W,1021.68
655,47,2024-10-16,43.81,91.99,34.52,11.7,W,1017.35
656,46,2024-10-17,29.71,50.81,84.67,9.6,W,1004.34
657,15,2024-10-18,36.95,66.55,60.92,12.38,SE,1019.92
658,44,2024-10-19,36.51,19.51,74.14,9.73,SE,1024.71
659,35,2024-10-20,43.64,70.61,41.65,11.27,S,1022.03
660,41,2024-10-21,26.06,101.32,94.92,24.83,NE,1024.76
661,31,2024-10-22,26.13,15.89,61.96,3.63,S,1021.99
662,43,2024-10-23,30.54,8.07,36.84,6.08,NE,1000.43
663,23,2024-10-24,10.96,63.97,58.47,22.56,NE,1026.9
664,33,2024-10-25,14.07,26.85,72.81,17.58,NE,1028.01
665,20,2024-10-26,12.36,89.42,35.53,14.79,SW,1014.98
666,11,2024-10-27,32.18,88.91,39.32,22.57,SE,1009.49
667,43,2024-10-28,44.8,125.43,56.04,11.55,NE,1023.76
668,36,2024-10-29,33.69,104.9,68.39,3.45,SW,1020.22
669,12,2024-10-30,18.05,92.45,36.61,1.82,E,1007.88
670,19,2024-10-31,21.05,46.87,90.14,13.94,SW,1021.67
671,7,2024-11-01,43.44,122.62,93.56,12.21,W,1029.65
672,31,2024-11-02,28.08,106.93,34.21,14.53,N,1028.3
673,9,2024-11-03,10.34,100.63,93.39,12.22,S,1025.72
674,48,2024-11-04,39.13,80.02,52.01,7.01,N,1019.03
675,17,2024-11-05,18.69,146.05,68.67,26.58,SE,1019.17
676,47,2024-11-06,13.26,113.36,94.39,8.07,W,1017.35
677,36,2024-11-07,33.58,69.85,37.98,28.9,W,1001.09
678,49,2024-11-08,38.74,19.77,84.48,20.25,SW,1022.37
679,12,2024-11-09,12.66,121.93,77.14,7.39,SW,1005.63
680,44,2024-11-10,42.6,137.95,48.1,16.64,E,1020.89
681,22,2024-11-11,26.68,70.24,76.38,23.56,SE,1023.23
682,42,2024-11-12,22.37,68.34,67.82,9.14,NE,1018.03
683,6,2024-11-13,41.3,102.67,47.74,12.2,W,1006.48
684,15,2024-11-14,19.42,106.53,81.32,2.52,N,1006.29
685,23,2024-11-15,43.15,69.81,71.85,19.07,NW,1005.73
686,15,2024-11-16,33.91,34.75,56.02,6.1,SW,1020.39
687,48,2024-11-17,41.85,33.57,60.93,29.04,E,1028.65
688,20,2024-11-18,27.46,129.16,69.21,11.2,S,1011.11
689,27,2024-11-19,16.99,92.54,56.29,29.56,SE,1010.91
690,22,2024-11-20,35.74,136.93,61.49,23.46,NW,1009.06
691,24,2024-11-21,40.55,58.81,48.13,16.13,NW,1009.21
692,17,2024-11-22,17.24,104.94,79.92,12.71,E,1024.57
693,38,2024-11-23,17.1,99.78,37.02,27.34,S,1003.74
694,19,2024-11-24,18.74,118.32,46.29,13.55,E,1014.97
695,30,2024-11-25,31.65,132.36,62.32,0.03,N,1029.97
696,8,2024-11-26,15.46,67.99,70.84,13.94,SW,1012.42
697,31,2024-11-27,13.73,4.54,38.75,24.88,S,1010.55
698,4,2024-11-28,42.21,71.3,36.47,8.68,NE,1024.85
699,41,2024-11-29,33.65,52.72,33.44,29.16,S,1012.78
700,38,2024-11-30,33.22,69.19,34.43,0.02,NW,1029.22
701,38,2024-12-01,31.48,25.62,74.08,28.01,SE,1010.07
702,40,2024-12-02,36.75,115.19,93.18,14.47,NW,1027.79
703,5,2024-12-03,28.95,90.67,54.87,17.94,S,1013.76
704,31,2024-12-04,11.48,19.11,74.15,25.18,W,1011.19
705,13,2024-12-05,26.88,15.44,39.93,11.4,N,1016.58
706,33,2024-12-06,31.72,122.63,70.43,10.54,SW,1004.88
707,8,2024-12-07,27.23,119.51,36.26,18.97,E,1013.08
708,44,2024-12-08,44.49,48.88,34.97,17.55,SE,1008.55
709,25,2024-12-09,41.39,97.42,78.85,15.31,SE,1019.79
710,34,2024-12-10,40.41,118.86,79.89,1.36,N,1020.41
711,20,2024-12-11,27.18,79.91,81.53,22.18,E,1019.02
712,27,2024-12-12,44.45,60.12,43.13,16.89,NW,1021.06
713,4,2024-12-13,42.06,62.02,73.04,9.02,W,1028.14
714,10,2024-12-14,19.81,93.13,61.87,11.86,S,1027.18
715,9,2024-12-15,17.77,82.19,47.01,3.69,E,1002.98
716,13,2024-12-16,30.18,146.08,52.34,4.19,N,1002.63
717,22,2024-12-17,11.9,57.57,85.88,16.69,W,1025.12
718,27,2024-12-18,37.97,51.11,65.53,8.38,SW,1002.69
719,37,2024-12-19,26.74,122.09,91.92,12.96,W,1000.49
720,30,2024-12-20,28.93,88.65,32.05,18.31,NW,1027.97
721,10,2024-12-21,27.59,117.65,57.98,28.72,SW,1003.11
722,21,2024-12-22,23.78,65.3,89.47,9.55,W,1022.5
723,46,2024-12-23,34.02,118.1,54.94,20.46,W,1018.71
724,12,2024-12-24,16.12,81.68,50.45,10.28,NE,1016.34
725,50,2024-12-25,44.18,35.42,54.46,7.84,S,1019.01
726,6,2024-12-26,34.44,99.39,59.88,22.58,S,1015.1
727,32,2024-12-27,26.1,11.68,32.14,13.58,SE,1024.18
728,22,2024-12-28,34.12,139.63,66.18,7.38,W,1020.03
729,41,2024-12-29,10.41,86.13,85.92,29.49,NE,1025.55
730,12,2024-12-30,17.38,72.99,49.7,10.25,E,1006.36
731,21,2024-01-01,30.34,88.82,75.89,13.79,SW,1023.31
732,41,2024-01-02,21.39,69.44,61.95,17.99,N,1016.55
733,4,2024-01-03,31.45,83.26,38.74,0.48,S,1003.44
734,1,2024-01-04,19.09,123.3,76.52,20.76,NW,1025.69
735,29,2024-01-05,29.2,26.43,61.68,19.39,E,1028.52
736,18,2024-01-06,18.3,143.38,37.11,0.06,E,1010.52
737,14,2024-01-07,26.5,10.44,73.88,14.3,NW,1023.81
738,49,2024-01-08,31.46,16.31,72.91,27.04,NW,1013.92
739,50,2024-01-09,22.81,122.11,74.55,20.18,S,1027.24
740,11,2024-01-10,27.46,115.7,67.19,12.39,E,1019.35
741,37,2024-01-11,17.37,56.84,60.93,26.86,SE,1023.54
742,49,2024-01-12,34.52,74.14,85.53,21.1,SE,1011.87
743,11,2024-01-13,23.03,99.02,62.93,22.87,SE,1028.19
744,32,2024-01-14,39.9,13.58,55.44,16.14,N,1023.47
745,49,2024-01-15,19.79,122.56,62.15,23.62,SW,1015.23
746,50,2024-01-16,16.3,133.09,93.11,19.47,NE,1008.03
747,6,2024-01-17,14.59,135.49,70.1,2.33,E,1019.76
748,9,2024-01-18,30.16,95.42,52.93,0.93,W,1009.22
749,40,2024-01-19,18.0,0.03,93.56,24.96,W,1027.08
750,28,2024-01-20,13.5,22.01,50.83,20.15,E,1027.28
751,41,2024-01-21,19.45,22.38,31.83,20.17,N,1020.2
752,28,2024-01-22,18.25,79.69,32.93,10.59,NE,1000.12
753,26,2024-01-23,25.13,58.5,84.4,24.38,SW,1027.27
754,28,2024-01-24,23.33,86.69,52.68,24.82,NW,1000.98
755,31,2024-01-25,15.1,29.35,78.23,10.74,E,1000.79
756,25,2024-01-26,43.57,102.23,31.75,5.32,N,1023.72
757,1,2024-01-27,15.23,47.49,87.94,23.04,NE,1025.22
758,3,2024-01-28,38.2,85.54,52.18,20.91,SW,1015.57
759,35,2024-01-29,16.18,136.98,36.33,0.25,W,1022.24
760,13,2024-01-30,27.49,45.68,52.43,13.88,E,1009.52
761,47,2024-01-31,44.84,141.5,53.23,28.09,W,1005.11
762,24,2024-02-01,39.73,65.21,52.83,13.34,SE,1017.17
763,1,2024-02-02,28.1,147.39,72.98,6.65,N,1012.9
764,21,2024-02-03,35.22,51.64,46.09,0.59,NE,1016.67
765,49,2024-02-04,37.49,13.39,72.13,8.43,SE,1011.74
766,34,2024-02-05,20.5,1.22,68.51,27.64,W,1018.49
767,13,2024-02-06,29.67,147.96,89.18,10.73,NW,1011.8
768,2,2024-02-07,29.87,60.63,34.26,2.7,S,1001.55
769,44,2024-02-08,23.94,19.13,49.82,18.4,E,1027.96
770,1,2024-02-09,34.17,44.13,51.94,9.1,W,1012.87
771,41,2024-02-10,12.1,55.38,31.28,21.53,NE,1028.18
772,47,2024-02-11,38.48,82.33,51.2,7.03,NW,1011.71
773,16,2024-02-12,26.68,7.97,59.96,14.81,W,1021.84
774,15,2024-02-13,32.05,105.5,86.12,10.89,S,1012.09
775,45,2024-02-14,25.74,123.11,66.92,8.42,NW,1009.54
776,23,2024-02-15,21.71,53.89,88.59,27.14,SW,1004.75
777,20,2024-02-16,22.63,129.19,47.33,21.21,N,1006.93
778,9,2024-02-17,29.61,129.85,75.24,6.27,NE,1021.3
779,7,2024-02-18,42.61,35.29,68.22,5.88,NE,1003.79
780,25,2024-02-19,19.02,105.33,94.07,24.63,NE,1003.55
781,33,2024-02-20,10.69,59.14,54.55,11.88,NE,1017.31
782,38,2024-02-21,14.24,47.72,55.37,26.1,NW,1011.76
783,20,2024-02-22,40.36,57.42,67.22,17.07,SE,1022.87
784,11,2024-02-23,43.71,57.23,82.54,14.82,N,1027.5
785,5,2024-02-24,16.96,81.77,36.5,16.55,NW,1025.12
786,3,2024-02-25,30.16,99.37,73.88,19.8,S,1004.77
787,20,2024-02-26,32.72,71.23,51.84,16.97,NE,1009.67
788,19,2024-02-27,16.11,28.23,62.68,20.47,E,1002.8
789,30,2024-02-28,37.31,57.69,79.72,16.95,W,1000.77
790,47,2024-02-29,22.43,138.67,52.07,1.96,NW,1000.35
791,34,2024-03-01,33.56,125.99,69.96,3.85,W,1023.1
792,39,2024-03-02,27.06,23.14,53.62,1.95,S,1004.59
793,34,2024-03-03,35.78,149.62,58.34,7.79,E,1018.54
794,22,2024-03-04,41.14,100.51,62.3,17.1,NE,1016.31
795,28,2024-03-05,23.34,20.14,85.08,6.84,SW,1029.17
796,44,2024-03-06,20.03,10.76,81.16,15.69,NE,1017.15
797,9,2024-03-07,32.11,2.36,84.62,23.47,E,1000.76
798,22,2024-03-08,15.07,108.2,64.83,5.76,W,1022.03
799,32,2024-03-09,15.87,73.01,48.68,20.34,N,1029.5
800,23,2024-03-10,38.27,65.51,33.09,29.76,W,1019.03
801,49,2024-03-11,21.81,148.53,94.75,20.79,NW,1023.33
802,13,2024-03-12,32.09,12.7,56.13,15.99,NE,1005.6
803,11,2024-03-13,30.01,96.34,44.68,7.59,NE,1019.58
804,26,2024-03-14,39.71,62.38,78.29,16.8,SE,1006.65
805,2,2024-03-15,12.5,68.4,35.98,13.62,NE,1005.81
806,15,2024-03-16,15.67,118.34,84.87,28.14,E,1025.21
807,15,2024-03-17,17.99,90.66,36.16,19.23,E,1021.79
808,47,2024-03-18,21.09,63.86,51.89,28.29,N,1024.21
809,9,2024-03-19,20.2,26.97,34.37,1.56,NW,1011.34
810,14,2024-03-20,19.36,76.41,82.08,28.16,SW,1007.81
811,47,2024-03-21,32.56,82.81,60.89,12.98,NE,1001.55
812,2,2024-03-22,19.49,67.51,43.63,29.85,N,1002.49
813,38,2024-03-23,25.57,53.3,81.72,8.22,E,1004.31
814,33,2024-03-24,40.2,27.87,72.35,20.41,SE,1000.69
815,11,2024-03-25,22.71,90.69,49.62,14.0,E,1029.54
816,8,2024-03-26,30.54,86.69,82.27,10.84,NE,1026.01
817,24,2024-03-27,43.79,127.02,58.14,22.77,S,1003.33
818,46,2024-03-28,24.49,35.51,65.1,26.51,N,1027.82
819,42,2024-03-29,16.44,75.26,43.01,6.74,NE,1003.68
820,3,2024-03-30,10.81,61.63,56.15,8.34,NE,1004.26
821,25,2024-03-31,35.47,81.92,70.62,12.6,S,1007.86
822,41,2024-04-01,33.17,55.05,59.46,13.47,SW,1005.42
823,17,2024-04-02,42.92,146.74,79.62,0.15,E,1002.32
824,50,2024-04-03,34.52,85.22,41.74,5.84,W,1025.34
825,35,2024-04-04,12.8,105.73,31.21,2.45,N,1027.38
826,40,2024-04-05,15.84,16.97,75.72,17.15,SE,1006.24
827,4,2024-04-06,13.61,72.23,86.08,0.76,S,1003.02
828,39,2024-04-07,12.23,103.57,67.49,22.12,N,1023.86
829,4,2024-04-08,40.75,21.31,43.84,29.34,S,1012.41
830,43,2024-04-09,29.2,109.69,92.54,12.71,NW,1014.6
831,7,2024-04-10,10.92,147.54,78.24,2.23,E,1018.77
832,42,2024-04-11,23.9,147.55,60.37,7.5,NW,1006.31
833,2,2024-04-12,36.77,116.83,90.92,4.93,SW,1012.6
834,4,2024-04-13,12.91,69.74,64.63,9.32,SW,1026.69
835,45,2024-04-14,19.19,11.74,69.94,18.78,SE,1019.01
836,8,2024-04-15,15.43,133.49,79.99,2.9,NE,1013.53
837,27,2024-04-16,32.92,13.27,58.19,14.4,N,1004.83
838,29,2024-04-17,40.99,70.87,66.8,24.24,SE,1008.96
839,25,2024-04-18,20.83,111.25,70.74,17.78,N,1027.11
840,8,2024-04-19,18.66,144.06,63.95,18.79,SE,1019.79
841,36,2024-04-20,19.95,11.71,53.68,10.03,E,1018.94
842,17,2024-04-21,31.93,95.05,39.6,7.51,S,1025.64
843,31,2024-04-22,14.59,119.71,39.78,3.24,SE,1003.52
844,45,2024-04-23,39.35,46.87,74.54,7.15,E,1010.28
845,10,2024-04-24,11.0,7.92,49.52,10.22,SE,1010.4
846,14,2024-04-25,33.22,51.53,58.3,1.63,SW,1029.85
847,45,2024-04-26,40.11,116.78,50.71,10.01,S,1018.0
848,44,2024-04-27,21.38,70.33,83.96,23.82,E,1000.15
849,41,2024-04-28,26.67,76.9,34.19,28.31,W,1015.65
850,1,2024-04-29,44.12,70.38,43.23,23.27,NE,1007.64
851,20,2024-04-30,28.92,110.07,56.81,18.59,S,1003.65
852,27,2024-05-01,19.53,63.15,83.54,22.92,S,1018.18
853,43,2024-05-02,25.57,144.09,71.99,18.76,W,1016.08
854,7,2024-05-03,43.93,119.73,46.67,17.37,E,1015.54
855,43,2024-05-04,34.42,43.38,69.08,2.57,W,1022.83
856,34,2024-05-05,16.2,5.3,56.38,1.82,NW,1006.49
857,18,2024-05-06,30.92,138.43,37.38,1.0,NE,1010.95
858,40,2024-05-07,32.09,112.41,42.47,9.4,S,1026.96
859,39,2024-05-08,32.25,109.05,45.96,25.43,W,1000.88
860,45,2024-05-09,29.74,84.56,83.77,1.95,E,1004.16
861,9,2024-05-10,28.32,9.21,60.17,3.83,SE,1002.5
862,27,2024-05-11,32.38,70.97,66.39,27.57,NE,1020.75
863,7,2024-05-12,20.84,25.36,58.35,13.26,S,1003.8
864,33,2024-05-13,22.15,7.74,72.05,9.04,SE,1008.21
865,47,2024-05-14,28.89,148.55,32.41,18.79,SW,1005.98
866,40,2024-05-15,38.16,121.33,40.36,1.97,E,1002.76
867,8,2024-05-16,25.47,93.65,38.87,20.33,W,1021.24
868,19,2024-05-17,22.8,43.02,46.8,16.78,E,1019.56
869,8,2024-05-18,19.09,12.38,82.23,8.85,SW,1014.01
870,7,2024-05-19,20.63,75.84,72.81,11.44,W,1024.27
871,32,2024-05-20,10.0,127.72,41.44,2.87,W,1013.08
872,13,2024-05-21,38.54,41.68,85.41,22.56,N,1028.39
873,39,2024-05-22,39.68,19.88,92.65,6.99,SE,1027.67
874,13,2024-05-23,22.04,42.15,61.58,17.99,NE,1007.5
875,50,2024-05-24,26.42,128.68,31.29,19.79,S,1005.94
876,17,2024-05-25,10.29,2.13,85.87,0.32,NE,1025.38
877,34,2024-05-26,42.27,16.73,35.46,11.52,NE,1021.52
878,13,2024-05-27,43.14,26.19,69.1,23.85,W,1028.86
879,23,2024-05-28,26.7,88.77,86.37,26.4,NE,1003.09
880,46,2024-05-29,10.32,22.67,88.54,18.58,SW,1023.79
881,27,2024-05-30,25.07,67.0,56.46,10.19,NE,1017.63
882,19,2024-05-31,20.25,121.18,53.62,28.13,SW,1004.97
883,11,2024-06-01,18.09,39.19,72.73,23.49,SW,1006.17
884,3,2024-06-02,10.25,105.12,35.87,13.62,S,1021.66
885,36,2024-06-03,23.08,72.74,91.31,9.85,E,1013.0
886,32,2024-06-04,24.41,119.91,77.08,5.77,SE,1013.38
887,14,2024-06-05,29.62,129.3,39.14,3.08,S,1017.89
888,45,2024-06-06,23.82,51.43,37.28,17.86,N,1008.15
889,31,2024-06-07,15.71,12.66,77.74,2.03,NE,1009.56
890,22,2024-06-08,35.8,21.76,90.64,23.68,W,1003.23
891,16,2024-06-09,23.64,140.09,63.93,5.81,SE,1011.49
892,1,2024-06-10,23.24,23.12,83.88,17.2,W,1005.99
893,1,2024-06-11,19.2,74.39,91.73,19.12,NE,1010.59
894,43,2024-06-12,24.78,149.04,90.55,7.69,NE,1026.94
895,6,2024-06-13,18.38,115.56,46.37,12.63,E,1024.58
896,8,2024-06-14,36.76,35.69,87.5,21.74,S,1013.48
897,37,2024-06-15,41.85,66.03,45.47,13.34,NW,1026.68
898,43,2024-06-16,38.27,95.64,37.95,7.29,NE,1028.74
899,32,2024-06-17,33.96,31.63,82.43,23.91,SW,1007.59
900,10,2024-06-18,19.96,110.15,51.4,1.81,S,1012.29
901,6,2024-06-19,36.0,51.76,67.98,9.35,S,1018.12
902,50,2024-06-20,38.31,96.34,55.35,13.08,NE,1026.32
903,33,2024-06-21,24.45,113.32,78.64,28.79,N,1028.51
904,5,2024-06-22,39.87,17.4,45.34,22.63,E,1015.91
905,47,2024-06-23,16.38,25.14,57.49,9.34,SW,1011.95
906,47,2024-06-24,20.14,59.81,39.38,26.56,W,1003.44
907,7,2024-06-25,32.29,45.21,41.39,23.26,E,1024.27
908,17,2024-06-26,31.62,111.92,93.05,4.42,SW,1012.88
909,42,2024-06-27,19.52,112.86,58.57,9.26,W,1005.58
910,15,2024-06-28,31.8,79.88,46.53,10.29,NW,1007.36
911,30,2024-06-29,16.57,56.97,68.32,11.06,E,1006.46
912,19,2024-06-30,10.68,105.84,61.87,0.24,S,1011.15
913,17,2024-07-01,11.74,71.19,54.36,17.59,N,1004.35
914,30,2024-07-02,28.72,21.77,91.67,20.35,E,1009.43
915,4,2024-07-03,16.51,130.54,50.57,1.72,E,1000.29
916,7,2024-07-04,13.58,1.78,57.55,15.21,E,1020.65
917,12,2024-07-05,19.42,139.08,74.38,25.06,W,1021.5
918,3,2024-07-06,35.03,67.32,92.62,25.76,S,1006.41
919,19,2024-07-07,35.45,101.77,87.16,12.66,N,1017.02
920,24,2024-07-08,18.15,144.26,90.9,5.86,SW,1009.65
921,44,2024-07-09,15.27,102.43,53.59,6.01,SE,1006.98
922,21,2024-07-10,27.28,6.15,76.52,27.26,W,1001.99
923,28,2024-07-11,21.97,137.66,83.39,23.56,NW,1008.51
924,48,2024-07-12,20.91,95.61,31.37,10.25,E,1006.37
925,8,2024-07-13,37.98,143.43,92.84,20.04,NW,1006.52
926,7,2024-07-14,44.93,64.77,69.38,20.84,SW,1016.83
927,49,2024-07-15,26.23,137.71,84.7,29.46,NW,1021.49
928,3,2024-07-16,37.7,128.75,73.04,17.99,S,1028.39
929,1,2024-07-17,21.56,50.25,91.16,9.93,S,1024.22
930,9,2024-07-18,39.52,40.06,74.89,17.35,W,1020.14
931,43,2024-07-19,43.31,14.74,81.27,28.89,SE,1017.22
932,42,2024-07-20,11.96,98.15,45.58,18.48,S,1019.39
933,11,2024-07-21,37.15,58.67,65.93,12.56,NE,1020.46
934,22,2024-07-22,12.5,115.97,50.1,4.87,S,1013.06
935,23,2024-07-23,26.46,112.36,92.3,13.63,W,1024.4
936,29,2024-07-24,16.73,110.15,53.59,23.68,SW,1005.94
937,40,2024-07-25,39.45,88.31,82.8,1.27,NE,1001.49
938,18,2024-07-26,38.6,29.24,37.93,6.58,NE,1014.82
939,47,2024-07-27,38.99,50.61,86.35,0.11,NE,1001.4
940,6,2024-07-28,14.27,103.54,85.75,6.69,SE,1008.23
941,24,2024-07-29,36.89,26.99,55.25,6.91,NE,1003.58
942,22,2024-07-30,18.71,82.14,89.14,18.72,E,1013.58
943,12,2024-07-31,36.99,100.92,55.54,7.17,N,1018.04
944,8,2024-08-01,25.5,124.75,93.57,22.04,NE,1017.74
945,26,2024-08-02,35.82,1.79,46.61,28.58,S,1007.09
946,26,2024-08-03,11.17,14.65,35.87,9.95,NW,1000.64
947,30,2024-08-04,26.13,15.59,83.48,22.2,N,1000.54
948,18,2024-08-05,36.98,66.89,45.3,6.16,W,1023.5
949,25,2024-08-06,28.24,32.91,43.68,5.53,E,1017.27
950,45,2024-08-07,44.37,42.49,87.87,29.7,NW,1000.14
951,31,2024-08-08,26.55,28.96,89.53,10.88,NW,1013.85
952,27,2024-08-09,33.85,3.56,71.04,2.21,NE,1003.93
953,42,2024-08-10,20.92,13.79,87.17,0.9,W,1029.01
954,11,2024-08-11,21.31,140.78,79.84,3.46,N,1001.11
955,8,2024-08-12,32.02,98.49,56.41,8.72,SE,1016.0
956,9,2024-08-13,11.48,125.32,32.2,5.83,N,1015.83
957,45,2024-08-14,42.81,142.57,86.32,17.57,W,1010.12
958,47,2024-08-15,28.23,95.71,83.51,22.97,SW,1000.49
959,4,2024-08-16,18.87,106.21,91.13,1.32,SE,1014.1
960,11,2024-08-17,32.35,18.0,60.62,0.89,N,1024.9
961,7,2024-08-18,16.96,128.47,56.84,5.93,NW,1012.45
962,27,2024-08-19,41.06,19.49,84.68,5.22,E,1009.03
963,38,2024-08-20,40.23,98.46,76.63,26.56,SE,1009.52
964,31,2024-08-21,17.62,134.98,86.99,21.57,E,1010.37
965,37,2024-08-22,13.95,84.91,83.32,10.19,NE,1002.39
966,44,2024-08-23,32.15,145.07,83.59,16.64,SW,1023.24
967,29,2024-08-24,21.36,134.4,75.4,5.36,E,1014.81
968,12,2024-08-25,15.86,104.35,62.91,0.64,SW,1001.41
969,40,2024-08-26,19.66,38.0,52.87,25.29,N,1008.95
970,25,2024-08-27,14.19,70.04,69.14,27.32,W,1029.52
971,50,2024-08-28,37.62,140.43,82.87,0.63,NW,1014.8
972,23,2024-08-29,10.31,95.82,77.96,20.32,W,1019.23
973,40,2024-08-30,11.47,138.4,59.46,11.37,E,1027.31
974,2,2024-08-31,37.42,41.46,31.78,23.62,SW,1025.29
975,44,2024-09-01,26.63,64.05,33.39,3.33,NE,1028.13
976,47,2024-09-02,30.87,135.51,71.7,28.08,SW,1003.08
977,9,2024-09-03,23.0,115.48,70.96,9.15,SE,1006.72
978,31,2024-09-04,13.13,48.51,81.42,7.2,NE,1024.76
979,32,2024-09-05,15.52,24.29,38.85,24.28,S,1004.16
980,8,2024-09-06,13.2,11.1,56.04,19.83,S,1029.81
981,27,2024-09-07,31.65,116.57,70.84,28.23,NW,1025.84
982,29,2024-09-08,42.58,57.42,50.39,29.31,S,1021.73
983,3,2024-09-09,44.89,49.9,35.35,29.93,S,1006.79
984,5,2024-09-10,31.88,9.01,40.26,26.45,SE,1002.64
985,17,2024-09-11,12.09,143.34,63.56,26.35,N,1021.72
986,42,2024-09-12,32.56,39.7,93.03,1.96,W,1024.37
987,21,2024-09-13,34.55,66.09,83.99,4.33,SE,1024.48
988,1,2024-09-14,37.7,73.76,79.61,27.72,S,1016.13
989,46,2024-09-15,14.4,139.29,85.05,23.85,N,1000.15
990,44,2024-09-16,18.14,91.55,74.57,5.75,NW,1020.65
991,34,2024-09-17,44.36,26.77,81.52,11.35,NW,1001.57
992,50,2024-09-18,37.6,73.81,50.76,11.23,N,1026.5
993,48,2024-09-19,36.48,21.58,61.09,17.99,SW,1001.29
994,37,2024-09-20,38.19,115.31,77.79,29.31,N,1001.44
995,47,2024-09-21,25.36,32.76,46.94,7.34,NW,1009.13
996,37,2024-09-22,16.75,96.5,74.69,1.39,SW,1007.91
997,15,2024-09-23,34.12,136.89,83.74,18.48,S,1020.64
998,43,2024-09-24,22.54,107.31,81.97,5.67,SW,1023.75
999,22,2024-09-25,14.72,15.49,42.91,16.06,NE,1011.39
1000,34,2024-09-26,41.45,10.94,56.94,23.69,N,1020.96
